-- phpMyAdmin SQL Dump
-- version 5.2.1
-- https://www.phpmyadmin.net/
--
-- Host: 127.0.0.1
-- Generation Time: Apr 09, 2026 at 04:27 PM
-- Server version: 10.4.32-MariaDB
-- PHP Version: 8.2.12

SET SQL_MODE = "NO_AUTO_VALUE_ON_ZERO";
START TRANSACTION;
SET time_zone = "+00:00";


/*!40101 SET @OLD_CHARACTER_SET_CLIENT=@@CHARACTER_SET_CLIENT */;
/*!40101 SET @OLD_CHARACTER_SET_RESULTS=@@CHARACTER_SET_RESULTS */;
/*!40101 SET @OLD_COLLATION_CONNECTION=@@COLLATION_CONNECTION */;
/*!40101 SET NAMES utf8mb4 */;

--
-- Database: `pos_system`
--

-- --------------------------------------------------------

--
-- Table structure for table `attendance_daily`
--

CREATE TABLE `attendance_daily` (
  `attendanceDaily_id` int(11) NOT NULL,
  `employee_id` int(11) NOT NULL,
  `check_in` datetime DEFAULT NULL,
  `check_out` datetime DEFAULT NULL,
  `work_date` date NOT NULL,
  `work_value` decimal(3,1) DEFAULT 0.0
) ENGINE=InnoDB DEFAULT CHARSET=utf8mb4 COLLATE=utf8mb4_general_ci;

--
-- Dumping data for table `attendance_daily`
--

INSERT INTO `attendance_daily` (`attendanceDaily_id`, `employee_id`, `check_in`, `check_out`, `work_date`, `work_value`) VALUES
(26, 8, '2026-02-02 08:00:00', '2026-02-02 17:00:00', '2026-02-02', 1.0),
(27, 9, '2026-02-02 08:00:00', '2026-02-02 17:00:00', '2026-02-02', 1.0),
(28, 10, '2026-02-02 08:00:00', '2026-02-02 17:00:00', '2026-02-02', 1.0),
(29, 11, '2026-02-02 08:00:00', '2026-02-02 17:00:00', '2026-02-02', 1.0),
(30, 12, '2026-02-02 08:00:00', '2026-02-02 17:00:00', '2026-02-02', 1.0),
(31, 13, '2026-02-02 08:00:00', '2026-02-02 17:00:00', '2026-02-02', 1.0),
(32, 14, '2026-02-02 08:00:00', '2026-02-02 17:00:00', '2026-02-02', 1.0),
(33, 8, '2026-02-03 08:00:00', '2026-02-03 17:00:00', '2026-02-03', 1.0),
(34, 9, '2026-02-03 08:00:00', '2026-02-03 17:00:00', '2026-02-03', 1.0),
(35, 10, '2026-02-03 08:00:00', '2026-02-03 17:00:00', '2026-02-03', 1.0),
(36, 11, '2026-02-03 08:00:00', '2026-02-03 17:00:00', '2026-02-03', 1.0),
(37, 12, '2026-02-03 08:00:00', '2026-02-03 17:00:00', '2026-02-03', 1.0),
(38, 13, '2026-02-03 08:00:00', '2026-02-03 17:00:00', '2026-02-03', 1.0),
(39, 14, '2026-02-03 08:00:00', '2026-02-03 17:00:00', '2026-02-03', 1.0),
(40, 8, '2026-02-04 08:00:00', '2026-02-04 17:00:00', '2026-02-04', 1.0),
(41, 9, '2026-02-04 08:00:00', '2026-02-04 17:00:00', '2026-02-04', 1.0),
(42, 10, '2026-02-04 08:00:00', '2026-02-04 17:00:00', '2026-02-04', 1.0),
(43, 11, '2026-02-04 08:00:00', '2026-02-04 17:00:00', '2026-02-04', 1.0),
(44, 12, '2026-02-04 08:00:00', '2026-02-04 17:00:00', '2026-02-04', 1.0),
(45, 13, '2026-02-04 08:00:00', '2026-02-04 17:00:00', '2026-02-04', 1.0),
(46, 14, '2026-02-04 08:00:00', '2026-02-04 17:00:00', '2026-02-04', 1.0),
(47, 8, '2026-02-05 08:00:00', '2026-02-05 17:00:00', '2026-02-05', 1.0),
(48, 9, '2026-02-05 08:00:00', '2026-02-05 17:00:00', '2026-02-05', 1.0),
(49, 10, '2026-02-05 08:00:00', '2026-02-05 17:00:00', '2026-02-05', 1.0),
(50, 11, '2026-02-05 08:00:00', '2026-02-05 17:00:00', '2026-02-05', 1.0),
(51, 12, '2026-02-05 08:00:00', '2026-02-05 17:00:00', '2026-02-05', 1.0),
(52, 13, '2026-02-05 08:00:00', '2026-02-05 17:00:00', '2026-02-05', 1.0),
(53, 14, '2026-02-05 08:00:00', '2026-02-05 17:00:00', '2026-02-05', 1.0),
(54, 8, '2026-02-06 08:00:00', '2026-02-06 17:00:00', '2026-02-06', 1.0),
(55, 9, '2026-02-06 08:00:00', '2026-02-06 17:00:00', '2026-02-06', 1.0),
(56, 10, '2026-02-06 08:00:00', '2026-02-06 17:00:00', '2026-02-06', 1.0),
(57, 11, '2026-02-06 08:00:00', '2026-02-06 17:00:00', '2026-02-06', 1.0),
(58, 12, '2026-02-06 08:00:00', '2026-02-06 17:00:00', '2026-02-06', 1.0),
(59, 13, '2026-02-06 08:00:00', '2026-02-06 17:00:00', '2026-02-06', 1.0),
(60, 14, '2026-02-06 08:00:00', '2026-02-06 17:00:00', '2026-02-06', 1.0),
(61, 8, '2026-02-09 08:00:00', '2026-02-09 17:00:00', '2026-02-09', 1.0),
(62, 9, '2026-02-09 08:00:00', '2026-02-09 17:00:00', '2026-02-09', 1.0),
(63, 10, '2026-02-09 08:00:00', '2026-02-09 17:00:00', '2026-02-09', 1.0),
(64, 11, '2026-02-09 08:00:00', '2026-02-09 17:00:00', '2026-02-09', 1.0),
(65, 12, '2026-02-09 08:00:00', '2026-02-09 17:00:00', '2026-02-09', 1.0),
(66, 13, '2026-02-09 08:00:00', '2026-02-09 17:00:00', '2026-02-09', 1.0),
(67, 14, '2026-02-09 08:00:00', '2026-02-09 17:00:00', '2026-02-09', 1.0),
(68, 8, '2026-02-10 08:00:00', '2026-02-10 17:00:00', '2026-02-10', 1.0),
(69, 9, '2026-02-10 08:00:00', '2026-02-10 17:00:00', '2026-02-10', 1.0),
(70, 10, '2026-02-10 08:00:00', '2026-02-10 17:00:00', '2026-02-10', 1.0),
(71, 11, '2026-02-10 08:00:00', '2026-02-10 17:00:00', '2026-02-10', 1.0),
(72, 12, '2026-02-10 08:00:00', '2026-02-10 17:00:00', '2026-02-10', 1.0),
(73, 13, '2026-02-10 08:00:00', '2026-02-10 17:00:00', '2026-02-10', 1.0),
(74, 14, '2026-02-10 08:00:00', '2026-02-10 17:00:00', '2026-02-10', 1.0),
(75, 8, '2026-02-11 08:00:00', '2026-02-11 17:00:00', '2026-02-11', 1.0),
(76, 9, '2026-02-11 08:00:00', '2026-02-11 17:00:00', '2026-02-11', 1.0),
(77, 10, '2026-02-11 08:00:00', '2026-02-11 17:00:00', '2026-02-11', 1.0),
(78, 11, '2026-02-11 08:00:00', '2026-02-11 17:00:00', '2026-02-11', 1.0),
(79, 12, '2026-02-11 08:00:00', '2026-02-11 17:00:00', '2026-02-11', 1.0),
(80, 13, '2026-02-11 08:00:00', '2026-02-11 17:00:00', '2026-02-11', 1.0),
(81, 14, '2026-02-11 08:00:00', '2026-02-11 17:00:00', '2026-02-11', 1.0),
(82, 8, '2026-02-07 08:00:00', '2026-02-07 17:00:00', '2026-02-07', 1.0),
(83, 9, '2026-02-07 08:00:00', '2026-02-07 17:00:00', '2026-02-07', 1.0),
(84, 10, '2026-02-07 08:00:00', '2026-02-07 17:00:00', '2026-02-07', 1.0),
(85, 11, '2026-02-07 08:00:00', '2026-02-07 17:00:00', '2026-02-07', 1.0),
(86, 12, '2026-02-07 08:00:00', '2026-02-07 17:00:00', '2026-02-07', 1.0),
(87, 13, '2026-02-07 08:00:00', '2026-02-07 17:00:00', '2026-02-07', 1.0),
(88, 14, '2026-02-07 08:00:00', '2026-02-07 17:00:00', '2026-02-07', 1.0),
(89, 8, '2026-02-28 08:00:00', '2026-02-28 17:00:00', '2026-02-28', 1.0),
(90, 9, '2026-02-28 08:00:00', '2026-02-28 17:00:00', '2026-02-28', 1.0),
(91, 10, '2026-02-28 08:00:00', '2026-02-28 17:00:00', '2026-02-28', 1.0),
(92, 11, '2026-02-28 08:00:00', '2026-02-28 17:00:00', '2026-02-28', 1.0),
(93, 12, '2026-02-28 08:00:00', '2026-02-28 17:00:00', '2026-02-28', 1.0),
(94, 13, '2026-02-28 08:00:00', '2026-02-28 17:00:00', '2026-02-28', 1.0),
(95, 14, '2026-02-28 08:00:00', '2026-02-28 17:00:00', '2026-02-28', 1.0),
(96, 8, '2026-02-23 08:00:00', '2026-02-23 17:00:00', '2026-02-23', 1.0),
(97, 9, '2026-02-23 08:00:00', '2026-02-23 17:00:00', '2026-02-23', 1.0),
(98, 10, '2026-02-23 08:00:00', '2026-02-23 17:00:00', '2026-02-23', 1.0),
(99, 11, '2026-02-23 08:00:00', '2026-02-23 17:00:00', '2026-02-23', 1.0),
(100, 12, '2026-02-23 08:00:00', '2026-02-23 17:00:00', '2026-02-23', 1.0),
(101, 13, '2026-02-23 08:00:00', '2026-02-23 17:00:00', '2026-02-23', 1.0),
(102, 14, '2026-02-23 08:00:00', '2026-02-23 17:00:00', '2026-02-23', 1.0),
(103, 8, '2026-02-24 08:00:00', '2026-02-24 17:00:00', '2026-02-24', 1.0),
(104, 9, '2026-02-24 08:00:00', '2026-02-24 17:00:00', '2026-02-24', 1.0),
(105, 10, '2026-02-24 08:00:00', '2026-02-24 17:00:00', '2026-02-24', 1.0),
(106, 11, '2026-02-24 08:00:00', '2026-02-24 17:00:00', '2026-02-24', 1.0),
(107, 12, '2026-02-24 08:00:00', '2026-02-24 17:00:00', '2026-02-24', 1.0),
(108, 13, '2026-02-24 08:00:00', '2026-02-24 17:00:00', '2026-02-24', 1.0),
(109, 14, '2026-02-24 08:00:00', '2026-02-24 17:00:00', '2026-02-24', 1.0),
(110, 8, '2026-02-25 08:00:00', '2026-02-25 17:00:00', '2026-02-25', 1.0),
(111, 9, '2026-02-25 08:00:00', '2026-02-25 17:00:00', '2026-02-25', 1.0),
(112, 10, '2026-02-25 08:00:00', '2026-02-25 17:00:00', '2026-02-25', 1.0),
(113, 11, '2026-02-25 08:00:00', '2026-02-25 17:00:00', '2026-02-25', 1.0),
(114, 12, '2026-02-25 08:00:00', '2026-02-25 17:00:00', '2026-02-25', 1.0),
(115, 13, '2026-02-25 08:00:00', '2026-02-25 17:00:00', '2026-02-25', 1.0),
(116, 14, '2026-02-25 08:00:00', '2026-02-25 17:00:00', '2026-02-25', 1.0),
(117, 8, '2026-02-26 08:00:00', '2026-02-26 17:00:00', '2026-02-26', 1.0),
(118, 9, '2026-02-26 08:00:00', '2026-02-26 17:00:00', '2026-02-26', 1.0),
(119, 10, '2026-02-26 08:00:00', '2026-02-26 17:00:00', '2026-02-26', 1.0),
(120, 11, '2026-02-26 08:00:00', '2026-02-26 17:00:00', '2026-02-26', 1.0),
(121, 12, '2026-02-26 08:00:00', '2026-02-26 17:00:00', '2026-02-26', 1.0),
(122, 13, '2026-02-26 08:00:00', '2026-02-26 17:00:00', '2026-02-26', 1.0),
(123, 14, '2026-02-26 08:00:00', '2026-02-26 17:00:00', '2026-02-26', 1.0),
(124, 8, '2026-02-27 08:00:00', '2026-02-27 17:00:00', '2026-02-27', 1.0),
(125, 9, '2026-02-27 08:00:00', '2026-02-27 17:00:00', '2026-02-27', 1.0),
(126, 10, '2026-02-27 08:00:00', '2026-02-27 17:00:00', '2026-02-27', 1.0),
(128, 12, '2026-02-27 08:00:00', '2026-02-27 17:00:00', '2026-02-27', 1.0),
(129, 13, '2026-02-27 08:00:00', '2026-02-27 12:00:00', '2026-02-27', 0.5),
(130, 14, '2026-02-27 08:00:00', '2026-02-27 17:00:00', '2026-02-27', 1.0),
(134, 8, '2026-03-02 08:00:00', '2026-03-02 17:00:00', '2026-03-02', 1.0),
(135, 8, '2026-03-03 08:00:00', '2026-03-03 17:00:00', '2026-03-03', 1.0),
(136, 8, '2026-03-04 08:00:00', '2026-03-04 17:00:00', '2026-03-04', 1.0),
(137, 8, '2026-03-05 08:00:00', '2026-03-05 17:00:00', '2026-03-05', 1.0),
(138, 8, '2026-03-06 08:00:00', '2026-03-06 17:00:00', '2026-03-06', 1.0),
(139, 8, '2026-03-07 08:00:00', '2026-03-07 17:00:00', '2026-03-07', 1.0),
(140, 8, '2026-03-09 08:00:00', '2026-03-09 17:00:00', '2026-03-09', 1.0),
(141, 8, '2026-03-10 08:00:00', '2026-03-10 17:00:00', '2026-03-10', 1.0),
(142, 8, '2026-03-11 08:00:00', '2026-03-11 17:00:00', '2026-03-11', 1.0),
(143, 8, '2026-03-12 08:00:00', '2026-03-12 17:00:00', '2026-03-12', 1.0),
(144, 8, '2026-03-13 08:00:00', '2026-03-13 17:00:00', '2026-03-13', 1.0),
(145, 8, '2026-03-14 08:00:00', '2026-03-14 17:00:00', '2026-03-14', 1.0),
(146, 8, '2026-03-16 08:00:00', '2026-03-16 17:00:00', '2026-03-16', 1.0),
(147, 8, '2026-03-17 08:00:00', '2026-03-17 17:00:00', '2026-03-17', 1.0),
(148, 8, '2026-03-18 08:00:00', '2026-03-18 17:00:00', '2026-03-18', 1.0),
(149, 8, '2026-03-19 08:00:00', '2026-03-19 17:00:00', '2026-03-19', 1.0),
(150, 8, '2026-03-20 08:00:00', '2026-03-20 17:00:00', '2026-03-20', 1.0),
(151, 8, '2026-03-21 08:00:00', '2026-03-21 17:00:00', '2026-03-21', 1.0),
(152, 8, '2026-03-23 08:00:00', '2026-03-23 17:00:00', '2026-03-23', 1.0),
(153, 8, '2026-03-24 08:00:00', '2026-03-24 17:00:00', '2026-03-24', 1.0),
(154, 8, '2026-03-25 08:00:00', '2026-03-25 17:00:00', '2026-03-25', 1.0),
(155, 8, '2026-03-26 08:00:00', '2026-03-26 17:00:00', '2026-03-26', 1.0),
(156, 8, '2026-03-27 08:00:00', '2026-03-27 17:00:00', '2026-03-27', 1.0),
(157, 8, '2026-03-28 08:00:00', '2026-03-28 17:00:00', '2026-03-28', 1.0),
(158, 8, '2026-03-30 08:00:00', '2026-03-30 17:00:00', '2026-03-30', 1.0),
(159, 8, '2026-03-31 08:00:00', '2026-03-31 17:00:00', '2026-03-31', 1.0),
(160, 9, '2026-03-02 08:00:00', '2026-03-02 17:00:00', '2026-03-02', 1.0),
(161, 9, '2026-03-03 08:00:00', '2026-03-03 17:00:00', '2026-03-03', 1.0),
(162, 9, '2026-03-04 08:00:00', '2026-03-04 17:00:00', '2026-03-04', 1.0),
(163, 9, '2026-03-05 08:00:00', '2026-03-05 17:00:00', '2026-03-05', 1.0),
(164, 9, '2026-03-06 08:00:00', '2026-03-06 17:00:00', '2026-03-06', 1.0),
(165, 9, '2026-03-07 08:00:00', '2026-03-07 17:00:00', '2026-03-07', 1.0),
(166, 9, '2026-03-09 08:00:00', '2026-03-09 17:00:00', '2026-03-09', 1.0),
(167, 9, '2026-03-10 08:00:00', '2026-03-10 17:00:00', '2026-03-10', 1.0),
(168, 9, '2026-03-11 08:00:00', '2026-03-11 17:00:00', '2026-03-11', 1.0),
(169, 9, '2026-03-12 08:00:00', '2026-03-12 17:00:00', '2026-03-12', 1.0),
(170, 9, '2026-03-13 08:00:00', '2026-03-13 17:00:00', '2026-03-13', 1.0),
(171, 9, '2026-03-14 08:00:00', '2026-03-14 17:00:00', '2026-03-14', 1.0),
(172, 9, '2026-03-16 08:00:00', '2026-03-16 17:00:00', '2026-03-16', 1.0),
(173, 9, '2026-03-17 08:00:00', '2026-03-17 17:00:00', '2026-03-17', 1.0),
(174, 9, '2026-03-18 08:00:00', '2026-03-18 17:00:00', '2026-03-18', 1.0),
(175, 9, '2026-03-19 08:00:00', '2026-03-19 17:00:00', '2026-03-19', 1.0),
(176, 9, '2026-03-20 08:00:00', '2026-03-20 17:00:00', '2026-03-20', 1.0),
(177, 9, '2026-03-21 08:00:00', '2026-03-21 17:00:00', '2026-03-21', 1.0),
(178, 9, '2026-03-23 08:00:00', '2026-03-23 17:00:00', '2026-03-23', 1.0),
(179, 9, '2026-03-24 08:00:00', '2026-03-24 17:00:00', '2026-03-24', 1.0),
(180, 9, '2026-03-25 08:00:00', '2026-03-25 17:00:00', '2026-03-25', 1.0),
(181, 9, '2026-03-26 08:00:00', '2026-03-26 17:00:00', '2026-03-26', 1.0),
(182, 9, '2026-03-27 08:00:00', '2026-03-27 17:00:00', '2026-03-27', 1.0),
(183, 9, '2026-03-28 08:00:00', '2026-03-28 17:00:00', '2026-03-28', 1.0),
(184, 9, '2026-03-30 08:00:00', '2026-03-30 17:00:00', '2026-03-30', 1.0),
(185, 9, '2026-03-31 08:00:00', '2026-03-31 17:00:00', '2026-03-31', 1.0),
(186, 10, '2026-03-02 08:00:00', '2026-03-02 17:00:00', '2026-03-02', 1.0),
(187, 10, '2026-03-03 08:00:00', '2026-03-03 17:00:00', '2026-03-03', 1.0),
(188, 10, '2026-03-04 08:00:00', '2026-03-04 17:00:00', '2026-03-04', 1.0),
(189, 10, '2026-03-05 08:00:00', '2026-03-05 17:00:00', '2026-03-05', 1.0),
(190, 10, '2026-03-06 08:00:00', '2026-03-06 17:00:00', '2026-03-06', 1.0),
(191, 10, '2026-03-07 08:00:00', '2026-03-07 17:00:00', '2026-03-07', 1.0),
(192, 10, '2026-03-09 08:00:00', '2026-03-09 17:00:00', '2026-03-09', 1.0),
(193, 10, '2026-03-10 08:00:00', '2026-03-10 17:00:00', '2026-03-10', 1.0),
(194, 10, '2026-03-11 08:00:00', '2026-03-11 17:00:00', '2026-03-11', 1.0),
(195, 10, '2026-03-12 08:00:00', '2026-03-12 17:00:00', '2026-03-12', 1.0),
(196, 10, '2026-03-13 08:00:00', '2026-03-13 17:00:00', '2026-03-13', 1.0),
(197, 10, '2026-03-14 08:00:00', '2026-03-14 17:00:00', '2026-03-14', 1.0),
(198, 10, '2026-03-16 08:00:00', '2026-03-16 17:00:00', '2026-03-16', 1.0),
(199, 10, '2026-03-17 08:00:00', '2026-03-17 17:00:00', '2026-03-17', 1.0),
(200, 10, '2026-03-18 08:00:00', '2026-03-18 17:00:00', '2026-03-18', 1.0),
(201, 10, '2026-03-19 08:00:00', '2026-03-19 17:00:00', '2026-03-19', 1.0),
(202, 10, '2026-03-20 08:00:00', '2026-03-20 17:00:00', '2026-03-20', 1.0),
(203, 10, '2026-03-21 08:00:00', '2026-03-21 17:00:00', '2026-03-21', 1.0),
(204, 10, '2026-03-23 08:00:00', '2026-03-23 17:00:00', '2026-03-23', 1.0),
(205, 10, '2026-03-24 08:00:00', '2026-03-24 17:00:00', '2026-03-24', 1.0),
(206, 10, '2026-03-25 08:00:00', '2026-03-25 17:00:00', '2026-03-25', 1.0),
(207, 10, '2026-03-26 08:00:00', '2026-03-26 17:00:00', '2026-03-26', 1.0),
(208, 10, '2026-03-27 08:00:00', '2026-03-27 17:00:00', '2026-03-27', 1.0),
(209, 10, '2026-03-28 08:00:00', '2026-03-28 17:00:00', '2026-03-28', 1.0),
(210, 10, '2026-03-30 08:00:00', '2026-03-30 17:00:00', '2026-03-30', 1.0),
(211, 10, '2026-03-31 08:00:00', '2026-03-31 17:00:00', '2026-03-31', 1.0),
(212, 11, '2026-03-02 08:00:00', '2026-03-02 17:00:00', '2026-03-02', 1.0),
(213, 11, '2026-03-03 08:00:00', '2026-03-03 17:00:00', '2026-03-03', 1.0),
(214, 11, '2026-03-04 08:00:00', '2026-03-04 17:00:00', '2026-03-04', 1.0),
(215, 11, '2026-03-05 08:00:00', '2026-03-05 17:00:00', '2026-03-05', 1.0),
(216, 11, '2026-03-06 08:00:00', '2026-03-06 17:00:00', '2026-03-06', 1.0),
(217, 11, '2026-03-07 08:00:00', '2026-03-07 17:00:00', '2026-03-07', 1.0),
(218, 11, '2026-03-09 08:00:00', '2026-03-09 17:00:00', '2026-03-09', 1.0),
(219, 11, '2026-03-10 08:00:00', '2026-03-10 17:00:00', '2026-03-10', 1.0),
(220, 11, '2026-03-11 08:00:00', '2026-03-11 17:00:00', '2026-03-11', 1.0),
(221, 11, '2026-03-12 08:00:00', '2026-03-12 17:00:00', '2026-03-12', 1.0),
(222, 11, '2026-03-13 08:00:00', '2026-03-13 17:00:00', '2026-03-13', 1.0),
(223, 11, '2026-03-14 08:00:00', '2026-03-14 17:00:00', '2026-03-14', 1.0),
(224, 11, '2026-03-16 08:00:00', '2026-03-16 17:00:00', '2026-03-16', 1.0),
(225, 11, '2026-03-17 08:00:00', '2026-03-17 17:00:00', '2026-03-17', 1.0),
(226, 11, '2026-03-18 08:00:00', '2026-03-18 17:00:00', '2026-03-18', 1.0),
(227, 11, '2026-03-19 08:00:00', '2026-03-19 17:00:00', '2026-03-19', 1.0),
(228, 11, '2026-03-20 08:00:00', '2026-03-20 17:00:00', '2026-03-20', 1.0),
(229, 11, '2026-03-21 08:00:00', '2026-03-21 17:00:00', '2026-03-21', 1.0),
(230, 11, '2026-03-23 08:00:00', '2026-03-23 17:00:00', '2026-03-23', 1.0),
(231, 11, '2026-03-24 08:00:00', '2026-03-24 17:00:00', '2026-03-24', 1.0),
(232, 11, '2026-03-25 08:00:00', '2026-03-25 17:00:00', '2026-03-25', 1.0),
(233, 11, '2026-03-26 08:00:00', '2026-03-26 17:00:00', '2026-03-26', 1.0),
(234, 11, '2026-03-27 08:00:00', '2026-03-27 17:00:00', '2026-03-27', 1.0),
(235, 11, '2026-03-28 08:00:00', '2026-03-28 17:00:00', '2026-03-28', 1.0),
(236, 11, '2026-03-30 08:00:00', '2026-03-30 17:00:00', '2026-03-30', 1.0),
(237, 11, '2026-03-31 08:00:00', '2026-03-31 17:00:00', '2026-03-31', 1.0),
(238, 12, '2026-03-02 08:00:00', '2026-03-02 17:00:00', '2026-03-02', 1.0),
(239, 12, '2026-03-03 08:00:00', '2026-03-03 17:00:00', '2026-03-03', 1.0),
(240, 12, '2026-03-04 08:00:00', '2026-03-04 17:00:00', '2026-03-04', 1.0),
(241, 12, '2026-03-05 08:00:00', '2026-03-05 17:00:00', '2026-03-05', 1.0),
(242, 12, '2026-03-06 08:00:00', '2026-03-06 17:00:00', '2026-03-06', 1.0),
(243, 12, '2026-03-07 08:00:00', '2026-03-07 17:00:00', '2026-03-07', 1.0),
(244, 12, '2026-03-09 08:00:00', '2026-03-09 17:00:00', '2026-03-09', 1.0),
(245, 12, '2026-03-10 08:00:00', '2026-03-10 17:00:00', '2026-03-10', 1.0),
(246, 12, '2026-03-11 08:00:00', '2026-03-11 17:00:00', '2026-03-11', 1.0),
(247, 12, '2026-03-12 08:00:00', '2026-03-12 17:00:00', '2026-03-12', 1.0),
(248, 12, '2026-03-13 08:00:00', '2026-03-13 17:00:00', '2026-03-13', 1.0),
(249, 12, '2026-03-14 08:00:00', '2026-03-14 17:00:00', '2026-03-14', 1.0),
(250, 12, '2026-03-16 08:00:00', '2026-03-16 17:00:00', '2026-03-16', 1.0),
(251, 12, '2026-03-17 08:00:00', '2026-03-17 17:00:00', '2026-03-17', 1.0),
(252, 12, '2026-03-18 08:00:00', '2026-03-18 17:00:00', '2026-03-18', 1.0),
(253, 12, '2026-03-19 08:00:00', '2026-03-19 17:00:00', '2026-03-19', 1.0),
(254, 12, '2026-03-20 08:00:00', '2026-03-20 17:00:00', '2026-03-20', 1.0),
(255, 12, '2026-03-21 08:00:00', '2026-03-21 17:00:00', '2026-03-21', 1.0),
(256, 12, '2026-03-23 08:00:00', '2026-03-23 17:00:00', '2026-03-23', 1.0),
(257, 12, '2026-03-24 08:00:00', '2026-03-24 17:00:00', '2026-03-24', 1.0),
(258, 12, '2026-03-25 08:00:00', '2026-03-25 17:00:00', '2026-03-25', 1.0),
(259, 12, '2026-03-26 08:00:00', '2026-03-26 17:00:00', '2026-03-26', 1.0),
(260, 12, '2026-03-27 08:00:00', '2026-03-27 17:00:00', '2026-03-27', 1.0),
(261, 12, '2026-03-28 08:00:00', '2026-03-28 17:00:00', '2026-03-28', 1.0),
(262, 12, '2026-03-30 08:00:00', '2026-03-30 17:00:00', '2026-03-30', 1.0),
(263, 12, '2026-03-31 08:00:00', '2026-03-31 17:00:00', '2026-03-31', 1.0),
(264, 13, '2026-03-02 08:00:00', '2026-03-02 17:00:00', '2026-03-02', 1.0),
(265, 13, '2026-03-03 08:00:00', '2026-03-03 17:00:00', '2026-03-03', 1.0),
(266, 13, '2026-03-04 08:00:00', '2026-03-04 17:00:00', '2026-03-04', 1.0),
(267, 13, '2026-03-05 08:00:00', '2026-03-05 17:00:00', '2026-03-05', 1.0),
(268, 13, '2026-03-06 08:00:00', '2026-03-06 17:00:00', '2026-03-06', 1.0),
(269, 13, '2026-03-07 08:00:00', '2026-03-07 17:00:00', '2026-03-07', 1.0),
(270, 13, '2026-03-09 08:00:00', '2026-03-09 17:00:00', '2026-03-09', 1.0),
(271, 13, '2026-03-10 08:00:00', '2026-03-10 17:00:00', '2026-03-10', 1.0),
(272, 13, '2026-03-11 08:00:00', '2026-03-11 17:00:00', '2026-03-11', 1.0),
(273, 13, '2026-03-12 08:00:00', '2026-03-12 17:00:00', '2026-03-12', 1.0),
(274, 13, '2026-03-13 08:00:00', '2026-03-13 17:00:00', '2026-03-13', 1.0),
(275, 13, '2026-03-14 08:00:00', '2026-03-14 17:00:00', '2026-03-14', 1.0),
(276, 13, '2026-03-16 08:00:00', '2026-03-16 17:00:00', '2026-03-16', 1.0),
(277, 13, '2026-03-17 08:00:00', '2026-03-17 17:00:00', '2026-03-17', 1.0),
(278, 13, '2026-03-18 08:00:00', '2026-03-18 17:00:00', '2026-03-18', 1.0),
(279, 13, '2026-03-19 08:00:00', '2026-03-19 17:00:00', '2026-03-19', 1.0),
(280, 13, '2026-03-20 08:00:00', '2026-03-20 17:00:00', '2026-03-20', 1.0),
(281, 13, '2026-03-21 08:00:00', '2026-03-21 17:00:00', '2026-03-21', 1.0),
(282, 13, '2026-03-23 08:00:00', '2026-03-23 17:00:00', '2026-03-23', 1.0),
(283, 13, '2026-03-24 08:00:00', '2026-03-24 17:00:00', '2026-03-24', 1.0),
(284, 13, '2026-03-25 08:00:00', '2026-03-25 17:00:00', '2026-03-25', 1.0),
(285, 13, '2026-03-26 08:00:00', '2026-03-26 17:00:00', '2026-03-26', 1.0),
(286, 13, '2026-03-27 08:00:00', '2026-03-27 17:00:00', '2026-03-27', 1.0),
(287, 13, '2026-03-28 08:00:00', '2026-03-28 17:00:00', '2026-03-28', 1.0),
(288, 13, '2026-03-30 08:00:00', '2026-03-30 17:00:00', '2026-03-30', 1.0),
(289, 13, '2026-03-31 08:00:00', '2026-03-31 12:00:00', '2026-03-31', 0.5),
(290, 14, '2026-03-02 08:00:00', '2026-03-02 17:00:00', '2026-03-02', 1.0),
(291, 14, '2026-03-03 08:00:00', '2026-03-03 17:00:00', '2026-03-03', 1.0),
(292, 14, '2026-03-04 08:00:00', '2026-03-04 17:00:00', '2026-03-04', 1.0),
(293, 14, '2026-03-05 08:00:00', '2026-03-05 17:00:00', '2026-03-05', 1.0),
(294, 14, '2026-03-06 08:00:00', '2026-03-06 17:00:00', '2026-03-06', 1.0),
(295, 14, '2026-03-07 08:00:00', '2026-03-07 17:00:00', '2026-03-07', 1.0),
(296, 14, '2026-03-09 08:00:00', '2026-03-09 17:00:00', '2026-03-09', 1.0),
(297, 14, '2026-03-10 08:00:00', '2026-03-10 17:00:00', '2026-03-10', 1.0),
(298, 14, '2026-03-11 08:00:00', '2026-03-11 17:00:00', '2026-03-11', 1.0),
(299, 14, '2026-03-12 08:00:00', '2026-03-12 17:00:00', '2026-03-12', 1.0),
(300, 14, '2026-03-13 08:00:00', '2026-03-13 17:00:00', '2026-03-13', 1.0),
(301, 14, '2026-03-14 08:00:00', '2026-03-14 17:00:00', '2026-03-14', 1.0),
(302, 14, '2026-03-16 08:00:00', '2026-03-16 17:00:00', '2026-03-16', 1.0),
(303, 14, '2026-03-17 08:00:00', '2026-03-17 17:00:00', '2026-03-17', 1.0),
(304, 14, '2026-03-18 08:00:00', '2026-03-18 17:00:00', '2026-03-18', 1.0),
(305, 14, '2026-03-19 08:00:00', '2026-03-19 17:00:00', '2026-03-19', 1.0),
(306, 14, '2026-03-20 08:00:00', '2026-03-20 17:00:00', '2026-03-20', 1.0),
(307, 14, '2026-03-21 08:00:00', '2026-03-21 17:00:00', '2026-03-21', 1.0),
(308, 14, '2026-03-23 08:00:00', '2026-03-23 17:00:00', '2026-03-23', 1.0),
(309, 14, '2026-03-24 08:00:00', '2026-03-24 17:00:00', '2026-03-24', 1.0),
(310, 14, '2026-03-25 08:00:00', '2026-03-25 17:00:00', '2026-03-25', 1.0),
(311, 14, '2026-03-26 08:00:00', '2026-03-26 17:00:00', '2026-03-26', 1.0),
(312, 14, '2026-03-27 08:00:00', '2026-03-27 17:00:00', '2026-03-27', 1.0),
(313, 14, '2026-03-28 08:00:00', '2026-03-28 17:00:00', '2026-03-28', 1.0),
(314, 14, '2026-03-30 08:00:00', '2026-03-30 17:00:00', '2026-03-30', 1.0),
(317, 14, '2026-03-31 08:00:00', '2026-03-31 11:55:00', '2026-03-31', 0.5),
(320, 13, '2026-04-04 08:15:23', '2026-04-04 15:50:17', '2026-04-04', 0.5);

-- --------------------------------------------------------

--
-- Table structure for table `customers`
--

CREATE TABLE `customers` (
  `customer_id` int(11) NOT NULL,
  `name` varchar(100) NOT NULL,
  `phone` varchar(15) NOT NULL,
  `points` int(11) DEFAULT 0,
  `created_at` timestamp NOT NULL DEFAULT current_timestamp()
) ENGINE=InnoDB DEFAULT CHARSET=utf8mb4 COLLATE=utf8mb4_general_ci;

--
-- Dumping data for table `customers`
--

INSERT INTO `customers` (`customer_id`, `name`, `phone`, `points`, `created_at`) VALUES
(2, 'Bùi Minh Huy', '0978123456', 1974, '2026-02-05 03:00:00'),
(4, 'Phạm Tiến Đạt', '0934567890', 1447, '2026-02-06 07:45:00'),
(121, 'Tai Nhan Nguyen', '0123456789', 811, '2026-02-02 01:30:00'),
(122, 'Bùi Minh Tú', '0334875874', 2500, '2026-02-03 02:30:00'),
(123, 'Bùi Khắc Toán', '0397992670', 651, '2026-02-04 01:15:00'),
(124, 'Nguyễn Trần Công Hậu', '0295476259', 2605, '2026-02-28 17:00:00'),
(125, 'Đắc Nhân Tâm', '08459123568', 569, '2026-02-28 17:00:00'),
(126, 'Phùng Khánh Linh', '01263453516', 2033, '2026-03-02 17:00:00'),
(127, 'Phan Huy Hoàng', '0891423958', 2958, '2026-04-02 07:38:45'),
(128, 'Quân', '0258369147', 686, '2026-04-01 05:25:10'),
(129, 'Trần Nhân Tông', '0852741963', 1561, '2026-04-01 13:12:54'),
(170, 'Lê Hoàng Nam', '0912345678', 2747, '2026-02-11 03:20:00'),
(171, 'Nguyễn Thị Thu Hà', '0987654321', 1049, '2026-02-12 08:45:10'),
(172, 'Trần Văn Cường', '0345678901', 1507, '2026-02-14 02:15:00'),
(173, 'Phạm Minh Đức', '0356789012', 1386, '2026-02-23 07:30:00'),
(174, 'Đặng Thu Thảo', '0901234567', 1911, '2026-02-25 04:10:05'),
(175, 'Vũ Hoàng Long', '0923456789', 2395, '2026-02-27 09:50:00'),
(176, 'Ngô Thanh Vân', '0812345678', 740, '2026-03-02 03:00:00'),
(177, 'Lý Hải Đăng', '0834567890', 1020, '2026-03-05 02:20:15'),
(178, 'Đỗ Mỹ Linh', '0701234567', 2379, '2026-03-08 07:15:00'),
(179, 'Hoàng Anh Tuấn', '0765432109', 834, '2026-03-12 04:40:00'),
(180, 'Bùi Tuyết Mai', '0934567893', 1537, '2026-03-15 08:30:20'),
(181, 'Nguyễn Gia Bảo', '0945678901', 2179, '2026-03-18 03:05:00'),
(182, 'Trần Kiều Ân', '0967890123', 784, '2026-03-20 09:20:00'),
(183, 'Phan Mạnh Quỳnh', '0323456789', 1883, '2026-03-22 06:10:00'),
(184, 'Trịnh Thăng Bình', '0334567890', 1565, '2026-03-25 02:45:00'),
(185, 'Hồ Quang Hiếu', '0378901234', 1673, '2026-03-27 04:00:00'),
(186, 'Đinh Tiến Đạt', '0390123456', 673, '2026-03-28 07:50:30'),
(187, 'Mai Phương Thúy', '0978901234', 2848, '2026-03-29 03:30:00'),
(188, 'Sơn Tùng M-TP', '0919191919', 1716, '2026-03-31 09:00:00'),
(189, 'Đen Vâu', '0920202020', 2038, '2026-04-01 01:30:00'),
(190, 'Nguyễn Anh Khoa', '0901112223', 2039, '2026-02-11 01:30:00'),
(191, 'Trần Thị Kim Liên', '0988776655', 1084, '2026-02-13 07:20:15'),
(192, 'Lê Hữu Phước', '0344556677', 1304, '2026-02-14 04:10:00'),
(193, 'Phạm Thùy Chi', '0355667788', 2769, '2026-02-23 03:45:00'),
(194, 'Đỗ Quang Vinh', '0909988776', 1929, '2026-02-25 08:30:00'),
(195, 'Vũ Thu Phương', '0922334455', 839, '2026-02-27 02:20:00'),
(196, 'Bùi Tiến Dũng', '0811223344', 2912, '2026-03-01 09:15:00'),
(197, 'Ngô Kiến Huy', '0833445566', 1537, '2026-03-04 03:05:00'),
(198, 'Lý Nhã Kỳ', '0707788990', 952, '2026-03-07 07:50:00'),
(199, 'Đặng Văn Lâm', '0766554433', 2152, '2026-03-10 04:30:00'),
(200, 'Nguyễn Công Phượng', '0933221100', 2401, '2026-03-13 08:00:00'),
(201, 'Lương Xuân Trường', '0944556611', 2548, '2026-03-16 02:40:00'),
(202, 'Nguyễn Quang Hải', '0966778822', 2537, '2026-03-19 06:25:00'),
(203, 'Đoàn Văn Hậu', '0322334400', 2040, '2026-03-22 03:10:00'),
(204, 'Quế Ngọc Hải', '0333445511', 2092, '2026-03-25 09:55:00'),
(205, 'Nguyễn Tuấn Anh', '0377889922', 1337, '2026-03-28 04:20:00'),
(206, 'Phan Văn Đức', '0399001122', 2413, '2026-03-30 07:35:00'),
(207, 'Đỗ Hùng Dũng', '0977665544', 2550, '2026-03-31 02:00:00'),
(208, 'Nguyễn Tiến Linh', '0911001100', 2509, '2026-04-01 08:45:00'),
(209, 'Nguyễn Văn Toàn', '0922112211', 1897, '2026-04-01 10:10:00');

-- --------------------------------------------------------

--
-- Table structure for table `employees`
--

CREATE TABLE `employees` (
  `employee_id` int(11) NOT NULL,
  `user_id` int(11) NOT NULL,
  `full_name` varchar(100) NOT NULL,
  `phone_number` varchar(15) DEFAULT NULL,
  `employee_type` varchar(50) CHARACTER SET utf8mb4 COLLATE utf8mb4_unicode_ci DEFAULT NULL,
  `base_salary` decimal(15,2) DEFAULT 0.00,
  `start_date` date DEFAULT NULL,
  `status` tinyint(1) DEFAULT 1
) ENGINE=InnoDB DEFAULT CHARSET=utf8mb4 COLLATE=utf8mb4_general_ci;

--
-- Dumping data for table `employees`
--

INSERT INTO `employees` (`employee_id`, `user_id`, `full_name`, `phone_number`, `employee_type`, `base_salary`, `start_date`, `status`) VALUES
(8, 11, 'Trần Minh Huy', '0901112223', 'Chính thức', 10000000.00, '2024-12-01', 1),
(9, 12, 'Nguyễn Hoàng Nam', '0902223334', 'Chính thức', 10000000.00, '2025-01-15', 1),
(10, 13, 'Trần Thị Thanh Cao', '0903334445', 'Chính thức', 10000000.00, '2025-02-10', 1),
(11, 14, 'Lê Minh Hiếu', '0904445556', 'Thử việc', 8500000.00, '2026-03-01', 1),
(12, 15, 'Huỳnh Mùi Gia Bảo', '02581479631', 'Chính thức', 10000000.00, '2026-03-05', 1),
(13, 16, 'Ngô Quốc Anh', '0906667778', 'Chính thức', 10000000.00, '2026-03-10', 1),
(14, 17, 'Trần Lê Kiều Trang ', '02364851412', 'Chính thức', 10000000.00, '2026-03-27', 1);

-- --------------------------------------------------------

--
-- Table structure for table `invoices`
--

CREATE TABLE `invoices` (
  `invoice_id` int(11) NOT NULL,
  `customer_id` int(11) DEFAULT NULL,
  `employee_id` int(11) DEFAULT NULL,
  `total_amount` decimal(12,2) DEFAULT NULL,
  `created_at` timestamp NOT NULL DEFAULT current_timestamp(),
  `used_points` int(11) DEFAULT 0
) ENGINE=InnoDB DEFAULT CHARSET=utf8mb4 COLLATE=utf8mb4_general_ci;

--
-- Dumping data for table `invoices`
--

INSERT INTO `invoices` (`invoice_id`, `customer_id`, `employee_id`, `total_amount`, `created_at`, `used_points`) VALUES
(90, 200, 12, 100760000.00, '2026-03-24 09:35:13', 0),
(91, 201, 10, 34990000.00, '2026-03-24 10:05:34', 0),
(92, 202, 10, 109960000.00, '2026-03-24 10:05:51', 0),
(94, 204, 10, 82960000.00, '2026-03-24 10:17:31', 0),
(95, 205, 12, 83170000.00, '2026-03-24 10:19:27', 329),
(96, 206, 8, 201930000.00, '2026-03-31 09:58:09', 0),
(97, 207, 8, 30970000.00, '2026-03-31 13:04:01', 0),
(98, 208, 8, 92760000.00, '2026-03-31 13:04:38', 0),
(99, 209, 8, 39990000.00, '2026-02-02 03:00:00', 0),
(100, 190, 8, 29380000.00, '2026-02-03 07:30:00', 0),
(101, 191, 8, 34990000.00, '2026-02-04 02:15:00', 0),
(102, 192, 8, 12580000.00, '2026-02-05 04:00:00', 0),
(103, 193, 8, 10490000.00, '2026-02-06 09:45:00', 0),
(104, 194, 8, 47580000.00, '2026-02-09 03:00:00', 0),
(105, 195, 8, 21790000.00, '2026-02-10 07:30:00', 0),
(106, 196, 8, 42580000.00, '2026-02-11 02:15:00', 0),
(107, 197, 8, 4990000.00, '2026-02-12 04:00:00', 0),
(108, 198, 8, 18080000.00, '2026-02-13 09:45:00', 0),
(109, 199, 9, 39990000.00, '2026-02-02 04:00:00', 0),
(110, 200, 9, 29380000.00, '2026-02-03 08:30:00', 0),
(111, 201, 9, 34990000.00, '2026-02-04 03:15:00', 0),
(112, 202, 9, 12580000.00, '2026-02-05 05:00:00', 0),
(113, 203, 9, 10490000.00, '2026-02-06 10:45:00', 0),
(114, 204, 9, 47580000.00, '2026-02-09 04:00:00', 0),
(115, 205, 9, 21790000.00, '2026-02-10 08:30:00', 0),
(116, 206, 9, 42580000.00, '2026-02-11 03:15:00', 0),
(117, 207, 9, 4990000.00, '2026-02-12 05:00:00', 0),
(118, 208, 9, 18080000.00, '2026-02-13 10:45:00', 0),
(119, 209, 10, 39990000.00, '2026-02-02 02:00:00', 0),
(120, 190, 10, 29380000.00, '2026-02-03 06:30:00', 0),
(121, 191, 10, 34990000.00, '2026-02-04 01:15:00', 0),
(122, 192, 10, 12580000.00, '2026-02-05 03:00:00', 0),
(123, 193, 10, 10490000.00, '2026-02-06 08:45:00', 0),
(124, 194, 10, 47580000.00, '2026-02-09 02:00:00', 0),
(125, 195, 10, 21790000.00, '2026-02-10 06:30:00', 0),
(126, 196, 10, 42580000.00, '2026-02-11 01:15:00', 0),
(127, 197, 10, 4990000.00, '2026-02-12 03:00:00', 0),
(128, 198, 10, 18080000.00, '2026-02-13 08:45:00', 0),
(129, 199, 11, 39990000.00, '2026-02-23 02:00:00', 0),
(130, 200, 11, 29380000.00, '2026-02-24 06:30:00', 0),
(131, 201, 11, 34990000.00, '2026-02-25 01:15:00', 0),
(132, 202, 11, 12580000.00, '2026-02-26 03:00:00', 0),
(133, 203, 11, 10490000.00, '2026-02-27 08:45:00', 0),
(134, 204, 11, 47580000.00, '2026-02-23 04:00:00', 0),
(135, 205, 11, 21790000.00, '2026-02-24 08:30:00', 0),
(136, 206, 11, 42580000.00, '2026-02-25 03:15:00', 0),
(137, 207, 11, 4990000.00, '2026-02-26 05:00:00', 0),
(138, 208, 11, 18080000.00, '2026-02-27 10:45:00', 0),
(139, 209, 12, 39990000.00, '2026-02-02 07:00:00', 0),
(140, 190, 12, 29380000.00, '2026-02-03 09:30:00', 0),
(141, 191, 12, 34990000.00, '2026-02-04 04:15:00', 0),
(142, 192, 12, 12580000.00, '2026-02-05 06:00:00', 0),
(143, 193, 12, 10490000.00, '2026-02-06 07:45:00', 0),
(144, 194, 12, 47580000.00, '2026-02-09 07:00:00', 0),
(145, 195, 12, 21790000.00, '2026-02-10 09:30:00', 0),
(146, 196, 12, 42580000.00, '2026-02-11 04:15:00', 0),
(147, 197, 12, 4990000.00, '2026-02-12 06:00:00', 0),
(148, 198, 13, 18080000.00, '2026-02-02 01:30:00', 0),
(149, 199, 13, 39990000.00, '2026-02-03 02:30:00', 0),
(150, 200, 13, 29380000.00, '2026-02-04 07:15:00', 0),
(151, 201, 13, 34990000.00, '2026-02-05 08:00:00', 0),
(152, 202, 13, 12580000.00, '2026-02-23 01:30:00', 0),
(153, 203, 13, 10490000.00, '2026-02-24 02:30:00', 0),
(154, 204, 13, 47580000.00, '2026-02-25 07:15:00', 0),
(155, 205, 13, 21790000.00, '2026-02-26 08:00:00', 0),
(156, 206, 14, 42580000.00, '2026-02-23 03:00:00', 0),
(157, 207, 14, 4990000.00, '2026-02-24 04:30:00', 0),
(158, 208, 14, 18080000.00, '2026-02-25 07:15:00', 0),
(159, 209, 14, 39990000.00, '2026-02-26 09:00:00', 0),
(160, 190, 14, 29380000.00, '2026-02-27 02:45:00', 0),
(161, 191, 14, 34990000.00, '2026-02-23 08:00:00', 0),
(162, 192, 14, 12580000.00, '2026-02-24 09:30:00', 0),
(163, 173, 12, 25980000.00, '2026-04-01 03:42:59', 0),
(164, 185, 12, 48570000.00, '2026-04-01 04:03:01', 0),
(165, 186, 12, 60970000.00, '2026-04-01 04:03:24', 802),
(166, 123, 8, 60970000.00, '2026-04-01 04:06:15', 0),
(169, 176, 8, 39980000.00, '2026-04-01 04:52:08', 0),
(170, 177, 8, 56980000.00, '2026-04-01 04:54:49', 0),
(171, 125, 14, 25980000.00, '2026-04-01 04:55:13', 0),
(172, 129, 14, 25980000.00, '2026-04-01 04:58:33', 0),
(173, 127, 8, 25980000.00, '2026-04-01 05:25:10', 0),
(174, 204, 8, 4990000.00, '2026-03-16 02:06:19', 0),
(175, 205, 8, 15990000.00, '2026-03-01 05:00:50', 0),
(176, 206, 8, 20990000.00, '2026-03-07 08:45:17', 0),
(177, 207, 8, 18090000.00, '2026-03-08 09:43:53', 0),
(178, 208, 8, 4590000.00, '2026-03-05 03:23:37', 0),
(179, 209, 8, 6990000.00, '2026-03-01 04:46:25', 0),
(180, 190, 8, 10490000.00, '2026-03-18 03:41:14', 0),
(181, 191, 8, 22990000.00, '2026-03-24 03:06:58', 0),
(182, 192, 8, 26390000.00, '2026-03-29 03:31:06', 0),
(183, 193, 8, 7390000.00, '2026-03-27 07:14:35', 0),
(184, 194, 8, 2990000.00, '2026-03-14 06:39:40', 0),
(185, 195, 8, 7590000.00, '2026-03-20 01:34:35', 0),
(186, 196, 8, 8490000.00, '2026-03-02 04:53:54', 0),
(187, 197, 9, 4590000.00, '2026-03-23 09:45:49', 0),
(188, 198, 9, 18090000.00, '2026-03-16 06:07:20', 0),
(189, 199, 9, 39990000.00, '2026-03-03 09:19:13', 0),
(190, 200, 9, 10990000.00, '2026-03-19 09:14:07', 0),
(191, 201, 9, 25990000.00, '2026-03-01 08:12:56', 0),
(192, 202, 9, 20990000.00, '2026-03-05 03:22:21', 0),
(193, 203, 9, 8990000.00, '2026-03-05 09:12:55', 0),
(194, 204, 9, 10490000.00, '2026-03-16 07:57:34', 0),
(195, 205, 9, 10990000.00, '2026-03-15 02:09:06', 0),
(196, 206, 9, 8990000.00, '2026-03-26 03:52:46', 0),
(197, 207, 9, 8490000.00, '2026-03-01 02:56:34', 0),
(198, 208, 9, 8990000.00, '2026-03-19 02:04:32', 0),
(199, 209, 9, 7390000.00, '2026-03-21 09:33:01', 0),
(200, 190, 10, 6590000.00, '2026-03-25 04:31:26', 0),
(201, 191, 10, 26390000.00, '2026-03-16 01:58:10', 0),
(202, 192, 10, 6590000.00, '2026-03-29 04:16:30', 0),
(203, 193, 10, 8990000.00, '2026-03-21 05:28:03', 0),
(204, 194, 10, 3990000.00, '2026-03-12 04:30:43', 0),
(205, 195, 10, 21990000.00, '2026-03-19 05:09:29', 0),
(206, 196, 10, 10990000.00, '2026-03-27 02:15:14', 0),
(207, 197, 10, 22990000.00, '2026-03-24 03:47:43', 0),
(208, 198, 10, 8490000.00, '2026-03-09 02:12:54', 0),
(209, 199, 10, 10490000.00, '2026-03-24 07:41:24', 0),
(210, 200, 10, 5990000.00, '2026-03-20 03:48:16', 0),
(211, 201, 10, 21990000.00, '2026-03-01 03:57:09', 0),
(212, 202, 10, 11990000.00, '2026-03-21 07:20:58', 0),
(213, 203, 11, 4590000.00, '2026-03-09 05:53:22', 0),
(214, 204, 11, 8990000.00, '2026-03-05 06:23:56', 0),
(215, 205, 11, 2490000.00, '2026-03-20 04:19:37', 0),
(216, 206, 11, 10490000.00, '2026-03-08 01:26:17', 0),
(217, 207, 11, 6590000.00, '2026-03-16 02:12:33', 0),
(218, 208, 11, 10990000.00, '2026-03-06 05:43:55', 0),
(219, 209, 11, 5790000.00, '2026-03-19 03:01:56', 0),
(220, 190, 11, 7590000.00, '2026-03-17 05:57:56', 0),
(221, 191, 11, 11990000.00, '2026-03-09 01:43:52', 0),
(222, 192, 11, 10990000.00, '2026-03-11 07:45:32', 0),
(223, 193, 11, 4990000.00, '2026-03-14 05:36:07', 0),
(224, 194, 11, 4990000.00, '2026-03-03 03:43:58', 0),
(225, 195, 11, 5790000.00, '2026-03-15 09:51:28', 0),
(226, 196, 12, 25990000.00, '2026-03-15 01:05:30', 0),
(227, 197, 12, 4590000.00, '2026-03-25 01:53:04', 0),
(228, 198, 12, 18090000.00, '2026-03-18 05:08:50', 0),
(229, 199, 12, 2490000.00, '2026-03-09 01:04:57', 0),
(230, 200, 12, 11490000.00, '2026-03-30 06:58:18', 0),
(231, 201, 12, 18090000.00, '2026-03-07 03:36:40', 0),
(232, 202, 12, 7390000.00, '2026-03-12 05:08:27', 0),
(233, 203, 12, 2490000.00, '2026-03-11 04:52:13', 0),
(234, 204, 12, 15990000.00, '2026-03-03 07:55:46', 0),
(235, 205, 12, 21790000.00, '2026-03-20 06:02:10', 0),
(236, 206, 12, 10990000.00, '2026-03-30 05:23:34', 0),
(237, 207, 12, 34990000.00, '2026-03-28 07:51:21', 0),
(238, 208, 12, 34990000.00, '2026-03-19 04:06:03', 0),
(239, 209, 13, 10490000.00, '2026-03-14 04:56:14', 0),
(240, 190, 13, 4990000.00, '2026-03-19 02:23:01', 0),
(241, 191, 13, 6990000.00, '2026-03-30 05:06:24', 0),
(242, 192, 13, 6990000.00, '2026-03-26 08:22:56', 0),
(243, 193, 13, 2990000.00, '2026-03-27 07:35:28', 0),
(244, 194, 13, 5790000.00, '2026-03-27 02:48:34', 0),
(245, 195, 13, 39990000.00, '2026-03-18 08:16:27', 0),
(246, 196, 13, 6590000.00, '2026-03-12 04:56:32', 0),
(247, 197, 13, 6590000.00, '2026-03-20 07:53:19', 0),
(248, 198, 13, 11990000.00, '2026-03-20 05:37:00', 0),
(249, 199, 13, 8490000.00, '2026-03-07 03:25:05', 0),
(250, 200, 13, 2990000.00, '2026-03-20 08:14:23', 0),
(251, 201, 13, 5790000.00, '2026-03-13 02:56:42', 0),
(252, 202, 14, 2990000.00, '2026-03-12 07:00:23', 0),
(253, 203, 14, 10490000.00, '2026-03-16 07:11:50', 0),
(254, 204, 14, 8490000.00, '2026-03-01 04:57:59', 0),
(255, 205, 14, 3990000.00, '2026-03-12 02:14:28', 0),
(256, 206, 14, 11490000.00, '2026-03-09 04:18:21', 0),
(257, 207, 14, 8990000.00, '2026-03-20 04:48:24', 0),
(258, 208, 14, 10490000.00, '2026-03-18 01:06:56', 0),
(259, 209, 14, 8490000.00, '2026-03-22 08:09:28', 0),
(260, 190, 14, 10490000.00, '2026-03-07 09:26:32', 0),
(261, 191, 14, 2990000.00, '2026-03-08 03:44:17', 0),
(262, 192, 14, 2990000.00, '2026-03-09 07:21:48', 0),
(263, 193, 14, 25990000.00, '2026-03-15 06:36:10', 0),
(264, 194, 14, 18090000.00, '2026-03-30 09:55:25', 0),
(265, 195, 8, 21990000.00, '2026-03-26 01:48:37', 0),
(266, 196, 8, 18090000.00, '2026-03-23 05:16:50', 0),
(267, 197, 8, 4990000.00, '2026-03-13 01:58:21', 0),
(268, 198, 8, 11490000.00, '2026-03-13 02:01:15', 0),
(269, 199, 8, 7390000.00, '2026-03-04 03:11:12', 0),
(270, 200, 8, 10490000.00, '2026-03-23 08:52:16', 0),
(271, 201, 8, 15990000.00, '2026-03-31 06:47:43', 0),
(272, 202, 8, 6990000.00, '2026-03-29 06:21:50', 0),
(273, 203, 8, 11490000.00, '2026-03-12 01:26:02', 0),
(274, 204, 8, 7390000.00, '2026-03-12 05:04:39', 0),
(275, 205, 8, 10490000.00, '2026-03-31 02:05:09', 0),
(276, 206, 8, 8490000.00, '2026-03-08 03:11:49', 0),
(277, 207, 8, 20990000.00, '2026-03-15 08:43:37', 0),
(278, 208, 9, 4590000.00, '2026-03-01 06:02:41', 0),
(279, 209, 9, 11490000.00, '2026-03-05 03:02:32', 0),
(280, 190, 9, 4590000.00, '2026-03-09 05:04:39', 0),
(281, 191, 9, 20990000.00, '2026-03-11 06:15:39', 0),
(282, 192, 9, 2990000.00, '2026-03-02 06:04:19', 0),
(283, 193, 9, 10990000.00, '2026-03-18 01:34:40', 0),
(284, 194, 9, 6990000.00, '2026-03-26 06:40:20', 0),
(285, 195, 9, 6590000.00, '2026-03-12 09:37:44', 0),
(286, 196, 9, 15990000.00, '2026-03-11 09:07:38', 0),
(287, 197, 9, 20990000.00, '2026-03-16 06:44:59', 0),
(288, 198, 9, 10490000.00, '2026-03-16 05:22:02', 0),
(289, 199, 9, 4990000.00, '2026-03-09 05:35:15', 0),
(290, 200, 9, 10490000.00, '2026-03-22 01:50:07', 0),
(291, 201, 10, 26390000.00, '2026-03-22 09:24:52', 0),
(292, 202, 10, 7390000.00, '2026-03-20 04:34:00', 0),
(293, 203, 10, 2990000.00, '2026-03-11 02:35:23', 0),
(294, 204, 10, 7590000.00, '2026-03-14 07:14:54', 0),
(295, 205, 10, 18090000.00, '2026-03-20 09:28:24', 0),
(296, 206, 10, 10490000.00, '2026-03-31 06:37:16', 0),
(297, 207, 10, 39990000.00, '2026-03-01 03:41:12', 0),
(298, 208, 10, 21990000.00, '2026-03-24 06:34:10', 0),
(299, 209, 10, 4990000.00, '2026-03-30 02:47:16', 0),
(300, 190, 10, 11990000.00, '2026-03-21 02:13:48', 0),
(301, 191, 10, 10490000.00, '2026-03-05 01:47:14', 0),
(302, 192, 10, 11990000.00, '2026-03-29 01:14:48', 0),
(303, 193, 10, 6990000.00, '2026-03-22 08:52:19', 0),
(304, 194, 11, 20990000.00, '2026-03-09 03:37:09', 0),
(305, 195, 11, 7590000.00, '2026-03-17 08:28:49', 0),
(306, 196, 11, 10490000.00, '2026-03-29 03:32:38', 0),
(307, 197, 11, 20990000.00, '2026-03-25 09:16:44', 0),
(308, 198, 11, 11990000.00, '2026-03-15 07:45:48', 0),
(309, 199, 11, 10990000.00, '2026-03-19 09:58:46', 0),
(310, 200, 11, 7390000.00, '2026-03-28 07:36:29', 0),
(311, 201, 11, 6990000.00, '2026-03-29 07:06:06', 0),
(312, 202, 11, 4590000.00, '2026-03-25 02:41:05', 0),
(313, 203, 11, 3990000.00, '2026-03-18 09:07:07', 0),
(314, 204, 11, 7590000.00, '2026-03-14 09:32:20', 0),
(315, 205, 11, 11490000.00, '2026-03-01 01:20:21', 0),
(316, 206, 11, 15990000.00, '2026-03-28 04:04:47', 0),
(317, 207, 12, 5790000.00, '2026-03-07 06:22:49', 0),
(318, 208, 12, 10490000.00, '2026-03-24 09:39:45', 0),
(319, 209, 12, 22990000.00, '2026-03-22 01:10:19', 0),
(320, 190, 12, 8490000.00, '2026-03-20 02:52:21', 0),
(321, 191, 12, 10990000.00, '2026-03-29 09:50:50', 0),
(322, 192, 12, 10990000.00, '2026-03-07 03:37:07', 0),
(323, 193, 12, 11490000.00, '2026-03-10 05:33:04', 0),
(324, 194, 12, 3990000.00, '2026-03-19 06:54:00', 0),
(325, 195, 12, 10990000.00, '2026-03-28 07:50:48', 0),
(326, 196, 12, 34990000.00, '2026-03-12 08:32:03', 0),
(327, 197, 12, 21790000.00, '2026-03-28 09:07:50', 0),
(328, 198, 12, 22990000.00, '2026-03-30 01:03:01', 0),
(329, 199, 12, 20990000.00, '2026-03-23 03:51:35', 0),
(330, 200, 13, 25990000.00, '2026-03-17 06:08:52', 0),
(331, 201, 13, 6590000.00, '2026-03-31 09:09:38', 0),
(332, 202, 13, 10990000.00, '2026-03-29 08:21:35', 0),
(333, 203, 13, 3990000.00, '2026-03-05 04:18:59', 0),
(334, 204, 13, 18090000.00, '2026-03-15 04:30:11', 0),
(335, 205, 13, 8990000.00, '2026-03-26 08:33:59', 0),
(336, 206, 13, 4590000.00, '2026-03-25 01:19:21', 0),
(337, 207, 13, 8990000.00, '2026-03-16 06:54:52', 0),
(338, 208, 13, 18090000.00, '2026-03-05 02:36:14', 0),
(339, 209, 13, 4990000.00, '2026-03-20 09:16:35', 0),
(340, 190, 13, 10490000.00, '2026-03-17 01:34:14', 0),
(341, 191, 13, 11990000.00, '2026-03-23 06:01:27', 0),
(342, 192, 14, 10490000.00, '2026-03-16 06:24:31', 0),
(343, 193, 14, 10990000.00, '2026-03-29 03:58:17', 0),
(344, 194, 14, 11990000.00, '2026-03-18 08:37:52', 0),
(345, 195, 14, 7390000.00, '2026-03-22 03:14:29', 0),
(346, 196, 14, 2990000.00, '2026-03-23 07:18:49', 0),
(347, 197, 14, 6990000.00, '2026-03-25 07:50:39', 0),
(348, 198, 14, 39990000.00, '2026-03-10 07:16:48', 0),
(349, 199, 14, 11990000.00, '2026-03-15 02:52:02', 0),
(350, 200, 14, 39990000.00, '2026-03-01 09:29:47', 0),
(351, 201, 14, 4990000.00, '2026-03-05 01:52:50', 0),
(352, 202, 14, 4590000.00, '2026-03-28 06:54:51', 0),
(353, 203, 8, 21990000.00, '2026-03-10 09:55:46', 0),
(354, 204, 8, 4590000.00, '2026-03-22 09:54:17', 0),
(355, 205, 8, 34990000.00, '2026-03-18 09:44:08', 0),
(356, 206, 8, 2490000.00, '2026-03-21 08:57:48', 0),
(357, 207, 9, 6990000.00, '2026-03-06 05:36:36', 0),
(358, 208, 9, 10490000.00, '2026-03-13 09:09:38', 0),
(359, 209, 9, 4590000.00, '2026-03-03 09:58:24', 0),
(360, 190, 10, 10490000.00, '2026-03-08 03:23:04', 0),
(361, 191, 10, 6590000.00, '2026-03-03 04:00:08', 0),
(362, 192, 11, 8490000.00, '2026-03-20 08:51:30', 0),
(366, 180, 8, 9980000.00, '2026-04-02 04:44:59', 0),
(367, 181, 12, 41670000.00, '2026-04-02 05:25:46', 0),
(369, 122, 12, 51862000.00, '2026-04-02 16:52:47', 708),
(370, 122, 12, 24980000.00, '2026-04-03 15:25:54', 500),
(381, 121, 8, 25803000.00, '2026-04-04 07:49:14', 177),
(382, 122, 13, 21990000.00, '2026-04-04 09:04:30', 0),
(384, 122, 8, 9980000.00, '2026-04-05 04:04:23', 0),
(385, 122, 8, 21915000.00, '2026-04-05 04:04:42', 165),
(386, 122, 8, 53170000.00, '2026-04-06 03:03:08', 0),
(387, 122, 8, 25949000.00, '2026-04-06 03:03:19', 31);

-- --------------------------------------------------------

--
-- Table structure for table `invoice_details`
--

CREATE TABLE `invoice_details` (
  `invoiceDetail_id` int(11) NOT NULL,
  `invoice_id` int(11) NOT NULL,
  `product_id` int(11) NOT NULL,
  `quantity` int(11) NOT NULL,
  `price` decimal(10,2) NOT NULL
) ENGINE=InnoDB DEFAULT CHARSET=utf8mb4 COLLATE=utf8mb4_general_ci;

--
-- Dumping data for table `invoice_details`
--

INSERT INTO `invoice_details` (`invoiceDetail_id`, `invoice_id`, `product_id`, `quantity`, `price`) VALUES
(3, 90, 1, 1, 21790000.00),
(4, 90, 2, 1, 34990000.00),
(5, 90, 3, 2, 21990000.00),
(6, 91, 2, 1, 34990000.00),
(7, 92, 5, 1, 4990000.00),
(9, 92, 2, 3, 34990000.00),
(11, 94, 3, 2, 21990000.00),
(12, 94, 2, 1, 34990000.00),
(13, 94, 6, 1, 3990000.00),
(14, 95, 2, 1, 34990000.00),
(15, 95, 4, 1, 26390000.00),
(16, 95, 1, 1, 21790000.00),
(17, 96, 3, 1, 21990000.00),
(18, 96, 5, 1, 4990000.00),
(19, 96, 2, 5, 34990000.00),
(20, 97, 3, 1, 21990000.00),
(21, 97, 6, 1, 3990000.00),
(22, 97, 5, 1, 4990000.00),
(23, 98, 5, 1, 4990000.00),
(24, 98, 2, 1, 34990000.00),
(25, 98, 4, 2, 26390000.00),
(26, 99, 23, 1, 39990000.00),
(27, 100, 1, 1, 21790000.00),
(28, 101, 2, 1, 34990000.00),
(29, 102, 5, 1, 4990000.00),
(30, 103, 17, 1, 10490000.00),
(31, 104, 23, 1, 39990000.00),
(32, 105, 1, 1, 21790000.00),
(33, 106, 2, 1, 34990000.00),
(34, 107, 5, 1, 4990000.00),
(35, 108, 17, 1, 10490000.00),
(36, 109, 23, 1, 39990000.00),
(37, 110, 1, 1, 21790000.00),
(38, 111, 2, 1, 34990000.00),
(39, 112, 5, 1, 4990000.00),
(40, 113, 17, 1, 10490000.00),
(41, 114, 23, 1, 39990000.00),
(42, 115, 1, 1, 21790000.00),
(43, 116, 2, 1, 34990000.00),
(44, 117, 5, 1, 4990000.00),
(45, 118, 17, 1, 10490000.00),
(46, 119, 23, 1, 39990000.00),
(47, 120, 1, 1, 21790000.00),
(48, 121, 2, 1, 34990000.00),
(49, 122, 5, 1, 4990000.00),
(50, 123, 17, 1, 10490000.00),
(51, 124, 23, 1, 39990000.00),
(52, 125, 1, 1, 21790000.00),
(53, 126, 2, 1, 34990000.00),
(54, 127, 5, 1, 4990000.00),
(55, 128, 17, 1, 10490000.00),
(56, 129, 23, 1, 39990000.00),
(57, 130, 1, 1, 21790000.00),
(58, 131, 2, 1, 34990000.00),
(59, 132, 5, 1, 4990000.00),
(60, 133, 17, 1, 10490000.00),
(61, 134, 23, 1, 39990000.00),
(62, 135, 1, 1, 21790000.00),
(63, 136, 2, 1, 34990000.00),
(64, 137, 5, 1, 4990000.00),
(65, 138, 17, 1, 10490000.00),
(66, 139, 23, 1, 39990000.00),
(67, 140, 1, 1, 21790000.00),
(68, 141, 2, 1, 34990000.00),
(69, 142, 5, 1, 4990000.00),
(70, 143, 17, 1, 10490000.00),
(71, 144, 23, 1, 39990000.00),
(72, 145, 1, 1, 21790000.00),
(73, 146, 2, 1, 34990000.00),
(74, 147, 5, 1, 4990000.00),
(75, 148, 17, 1, 10490000.00),
(76, 149, 23, 1, 39990000.00),
(77, 150, 1, 1, 21790000.00),
(78, 151, 2, 1, 34990000.00),
(79, 152, 5, 1, 4990000.00),
(80, 153, 17, 1, 10490000.00),
(81, 154, 23, 1, 39990000.00),
(82, 155, 1, 1, 21790000.00),
(83, 156, 2, 1, 34990000.00),
(84, 157, 5, 1, 4990000.00),
(85, 158, 17, 1, 10490000.00),
(86, 159, 23, 1, 39990000.00),
(87, 160, 1, 1, 21790000.00),
(88, 161, 2, 1, 34990000.00),
(89, 162, 5, 1, 4990000.00),
(153, 100, 10, 1, 7590000.00),
(154, 102, 10, 1, 7590000.00),
(155, 104, 10, 1, 7590000.00),
(156, 106, 10, 1, 7590000.00),
(157, 108, 10, 1, 7590000.00),
(158, 110, 10, 1, 7590000.00),
(159, 112, 10, 1, 7590000.00),
(160, 114, 10, 1, 7590000.00),
(161, 116, 10, 1, 7590000.00),
(162, 118, 10, 1, 7590000.00),
(163, 120, 10, 1, 7590000.00),
(164, 122, 10, 1, 7590000.00),
(165, 124, 10, 1, 7590000.00),
(166, 126, 10, 1, 7590000.00),
(167, 128, 10, 1, 7590000.00),
(168, 130, 10, 1, 7590000.00),
(169, 132, 10, 1, 7590000.00),
(170, 134, 10, 1, 7590000.00),
(171, 136, 10, 1, 7590000.00),
(172, 138, 10, 1, 7590000.00),
(173, 140, 10, 1, 7590000.00),
(174, 142, 10, 1, 7590000.00),
(175, 144, 10, 1, 7590000.00),
(176, 146, 10, 1, 7590000.00),
(177, 148, 10, 1, 7590000.00),
(178, 150, 10, 1, 7590000.00),
(179, 152, 10, 1, 7590000.00),
(180, 154, 10, 1, 7590000.00),
(181, 156, 10, 1, 7590000.00),
(182, 158, 10, 1, 7590000.00),
(183, 160, 10, 1, 7590000.00),
(184, 162, 10, 1, 7590000.00),
(185, 163, 3, 1, 21990000.00),
(186, 163, 6, 1, 3990000.00),
(187, 164, 5, 1, 4990000.00),
(188, 164, 1, 2, 21790000.00),
(189, 165, 2, 1, 34990000.00),
(190, 165, 6, 1, 3990000.00),
(191, 165, 3, 1, 21990000.00),
(192, 166, 6, 1, 3990000.00),
(193, 166, 3, 1, 21990000.00),
(194, 166, 2, 1, 34990000.00),
(197, 169, 2, 1, 34990000.00),
(198, 169, 5, 1, 4990000.00),
(199, 170, 3, 1, 21990000.00),
(200, 170, 2, 1, 34990000.00),
(201, 171, 6, 1, 3990000.00),
(202, 171, 3, 1, 21990000.00),
(203, 172, 3, 1, 21990000.00),
(204, 172, 6, 1, 3990000.00),
(205, 173, 3, 1, 21990000.00),
(206, 173, 6, 1, 3990000.00),
(207, 187, 21, 1, 4590000.00),
(208, 188, 9, 1, 18090000.00),
(209, 189, 23, 1, 39990000.00),
(210, 190, 14, 1, 10990000.00),
(211, 191, 22, 1, 25990000.00),
(212, 192, 18, 1, 20990000.00),
(213, 193, 20, 1, 8990000.00),
(214, 194, 15, 1, 10490000.00),
(215, 195, 14, 1, 10990000.00),
(216, 196, 20, 1, 8990000.00),
(217, 197, 8, 1, 8490000.00),
(218, 198, 20, 1, 8990000.00),
(219, 199, 26, 1, 7390000.00),
(220, 213, 21, 1, 4590000.00),
(221, 214, 20, 1, 8990000.00),
(222, 215, 11, 1, 2490000.00),
(223, 216, 15, 1, 10490000.00),
(224, 217, 12, 1, 6590000.00),
(225, 218, 13, 1, 10990000.00),
(226, 219, 25, 1, 5790000.00),
(227, 220, 10, 1, 7590000.00),
(228, 221, 19, 1, 11990000.00),
(229, 222, 13, 1, 10990000.00),
(230, 223, 5, 1, 4990000.00),
(231, 224, 5, 1, 4990000.00),
(232, 225, 25, 1, 5790000.00),
(233, 239, 17, 1, 10490000.00),
(234, 240, 5, 1, 4990000.00),
(235, 241, 16, 1, 6990000.00),
(236, 242, 16, 1, 6990000.00),
(237, 243, 24, 1, 2990000.00),
(238, 244, 25, 1, 5790000.00),
(239, 245, 23, 1, 39990000.00),
(240, 246, 12, 1, 6590000.00),
(241, 247, 12, 1, 6590000.00),
(242, 248, 19, 1, 11990000.00),
(243, 249, 8, 1, 8490000.00),
(244, 250, 24, 1, 2990000.00),
(245, 251, 25, 1, 5790000.00),
(246, 252, 24, 1, 2990000.00),
(247, 253, 17, 1, 10490000.00),
(248, 254, 8, 1, 8490000.00),
(249, 255, 6, 1, 3990000.00),
(250, 256, 27, 1, 11490000.00),
(251, 257, 20, 1, 8990000.00),
(252, 258, 15, 1, 10490000.00),
(253, 259, 8, 1, 8490000.00),
(254, 260, 15, 1, 10490000.00),
(255, 261, 24, 1, 2990000.00),
(256, 262, 24, 1, 2990000.00),
(257, 263, 22, 1, 25990000.00),
(258, 264, 9, 1, 18090000.00),
(259, 278, 21, 1, 4590000.00),
(260, 279, 27, 1, 11490000.00),
(261, 280, 21, 1, 4590000.00),
(262, 281, 18, 1, 20990000.00),
(263, 282, 24, 1, 2990000.00),
(264, 283, 14, 1, 10990000.00),
(265, 284, 16, 1, 6990000.00),
(266, 285, 12, 1, 6590000.00),
(267, 286, 7, 1, 15990000.00),
(268, 287, 18, 1, 20990000.00),
(269, 288, 17, 1, 10490000.00),
(270, 289, 5, 1, 4990000.00),
(271, 290, 17, 1, 10490000.00),
(272, 304, 18, 1, 20990000.00),
(273, 305, 10, 1, 7590000.00),
(274, 306, 15, 1, 10490000.00),
(275, 307, 18, 1, 20990000.00),
(276, 308, 19, 1, 11990000.00),
(277, 309, 13, 1, 10990000.00),
(278, 310, 26, 1, 7390000.00),
(279, 311, 16, 1, 6990000.00),
(280, 312, 21, 1, 4590000.00),
(281, 313, 6, 1, 3990000.00),
(282, 314, 10, 1, 7590000.00),
(283, 315, 27, 1, 11490000.00),
(284, 316, 7, 1, 15990000.00),
(285, 330, 22, 1, 25990000.00),
(286, 331, 12, 1, 6590000.00),
(287, 332, 14, 1, 10990000.00),
(288, 333, 6, 1, 3990000.00),
(289, 334, 9, 1, 18090000.00),
(290, 335, 20, 1, 8990000.00),
(291, 336, 21, 1, 4590000.00),
(292, 337, 20, 1, 8990000.00),
(293, 338, 9, 1, 18090000.00),
(294, 339, 5, 1, 4990000.00),
(295, 340, 17, 1, 10490000.00),
(296, 341, 19, 1, 11990000.00),
(297, 342, 15, 1, 10490000.00),
(298, 343, 14, 1, 10990000.00),
(299, 344, 19, 1, 11990000.00),
(300, 345, 26, 1, 7390000.00),
(301, 346, 24, 1, 2990000.00),
(302, 347, 16, 1, 6990000.00),
(303, 348, 23, 1, 39990000.00),
(304, 349, 19, 1, 11990000.00),
(305, 350, 23, 1, 39990000.00),
(306, 351, 5, 1, 4990000.00),
(307, 352, 21, 1, 4590000.00),
(308, 357, 16, 1, 6990000.00),
(309, 358, 15, 1, 10490000.00),
(310, 359, 21, 1, 4590000.00),
(311, 362, 8, 1, 8490000.00),
(334, 174, 5, 1, 4990000.00),
(335, 175, 7, 1, 15990000.00),
(336, 176, 18, 1, 20990000.00),
(337, 177, 9, 1, 18090000.00),
(338, 178, 21, 1, 4590000.00),
(339, 179, 16, 1, 6990000.00),
(340, 180, 15, 1, 10490000.00),
(341, 181, 29, 1, 22990000.00),
(342, 182, 4, 1, 26390000.00),
(343, 183, 26, 1, 7390000.00),
(344, 184, 24, 1, 2990000.00),
(345, 185, 10, 1, 7590000.00),
(346, 186, 8, 1, 8490000.00),
(347, 200, 12, 1, 6590000.00),
(348, 201, 4, 1, 26390000.00),
(349, 202, 12, 1, 6590000.00),
(350, 203, 20, 1, 8990000.00),
(351, 204, 31, 1, 3990000.00),
(352, 205, 3, 1, 21990000.00),
(353, 206, 14, 1, 10990000.00),
(354, 207, 29, 1, 22990000.00),
(355, 208, 8, 1, 8490000.00),
(356, 209, 17, 1, 10490000.00),
(357, 210, 30, 1, 5990000.00),
(358, 211, 3, 1, 21990000.00),
(359, 212, 19, 1, 11990000.00),
(360, 226, 22, 1, 25990000.00),
(361, 227, 21, 1, 4590000.00),
(362, 228, 9, 1, 18090000.00),
(363, 229, 11, 1, 2490000.00),
(364, 230, 27, 1, 11490000.00),
(365, 231, 9, 1, 18090000.00),
(366, 232, 26, 1, 7390000.00),
(367, 233, 11, 1, 2490000.00),
(368, 234, 7, 1, 15990000.00),
(369, 235, 1, 1, 21790000.00),
(370, 236, 13, 1, 10990000.00),
(371, 237, 2, 1, 34990000.00),
(372, 238, 2, 1, 34990000.00),
(373, 265, 3, 1, 21990000.00),
(374, 266, 9, 1, 18090000.00),
(375, 267, 5, 1, 4990000.00),
(376, 268, 27, 1, 11490000.00),
(377, 269, 26, 1, 7390000.00),
(378, 270, 17, 1, 10490000.00),
(379, 271, 7, 1, 15990000.00),
(380, 272, 16, 1, 6990000.00),
(381, 273, 27, 1, 11490000.00),
(382, 274, 26, 1, 7390000.00),
(383, 275, 17, 1, 10490000.00),
(384, 276, 8, 1, 8490000.00),
(385, 277, 18, 1, 20990000.00),
(386, 291, 4, 1, 26390000.00),
(387, 292, 26, 1, 7390000.00),
(388, 293, 24, 1, 2990000.00),
(389, 294, 10, 1, 7590000.00),
(390, 295, 9, 1, 18090000.00),
(391, 296, 17, 1, 10490000.00),
(392, 297, 23, 1, 39990000.00),
(393, 298, 3, 1, 21990000.00),
(394, 299, 5, 1, 4990000.00),
(395, 300, 19, 1, 11990000.00),
(396, 301, 15, 1, 10490000.00),
(397, 302, 19, 1, 11990000.00),
(398, 303, 16, 1, 6990000.00),
(399, 317, 25, 1, 5790000.00),
(400, 318, 15, 1, 10490000.00),
(401, 319, 29, 1, 22990000.00),
(402, 320, 8, 1, 8490000.00),
(403, 321, 14, 1, 10990000.00),
(404, 322, 14, 1, 10990000.00),
(405, 323, 27, 1, 11490000.00),
(406, 324, 31, 1, 3990000.00),
(407, 325, 13, 1, 10990000.00),
(408, 326, 2, 1, 34990000.00),
(409, 327, 1, 1, 21790000.00),
(410, 328, 29, 1, 22990000.00),
(411, 329, 18, 1, 20990000.00),
(412, 353, 3, 1, 21990000.00),
(413, 354, 21, 1, 4590000.00),
(414, 355, 2, 1, 34990000.00),
(415, 356, 11, 1, 2490000.00),
(416, 360, 15, 1, 10490000.00),
(417, 361, 12, 1, 6590000.00),
(423, 366, 30, 1, 5990000.00),
(424, 366, 31, 1, 3990000.00),
(425, 367, 9, 1, 18090000.00),
(426, 367, 10, 1, 7590000.00),
(427, 367, 7, 1, 15990000.00),
(430, 369, 3, 1, 21990000.00),
(431, 369, 22, 1, 25990000.00),
(432, 369, 21, 1, 4590000.00),
(433, 370, 28, 1, 13990000.00),
(434, 370, 27, 1, 11490000.00),
(447, 381, 3, 1, 21990000.00),
(448, 381, 6, 1, 3990000.00),
(449, 382, 3, 1, 21990000.00),
(451, 384, 31, 1, 3990000.00),
(452, 384, 30, 1, 5990000.00),
(453, 385, 9, 1, 18090000.00),
(454, 385, 6, 1, 3990000.00),
(455, 386, 1, 1, 21790000.00),
(456, 386, 4, 1, 26390000.00),
(457, 386, 5, 1, 4990000.00),
(458, 387, 6, 1, 3990000.00),
(459, 387, 3, 1, 21990000.00);

-- --------------------------------------------------------

--
-- Table structure for table `payroll`
--

CREATE TABLE `payroll` (
  `payroll_id` int(11) NOT NULL,
  `employee_id` int(11) NOT NULL,
  `period_id` int(11) NOT NULL,
  `total_work_days` decimal(5,2) DEFAULT NULL,
  `base_salary_at_time` decimal(15,2) DEFAULT NULL,
  `actual_base_salary` decimal(15,2) DEFAULT NULL,
  `total_commission` decimal(15,2) DEFAULT NULL,
  `final_salary` decimal(15,2) DEFAULT NULL,
  `created_at` timestamp NOT NULL DEFAULT current_timestamp(),
  `status` tinyint(4) DEFAULT 0
) ENGINE=InnoDB DEFAULT CHARSET=utf8mb4 COLLATE=utf8mb4_general_ci;

--
-- Dumping data for table `payroll`
--

INSERT INTO `payroll` (`payroll_id`, `employee_id`, `period_id`, `total_work_days`, `base_salary_at_time`, `actual_base_salary`, `total_commission`, `final_salary`, `created_at`, `status`) VALUES
(1, 12, 0, 15.00, 10000000.00, 10000000.00, 3097750.00, 13097750.00, '2026-04-02 15:21:17', 1),
(2, 14, 0, 15.00, 10000000.00, 10000000.00, 2280000.00, 12280000.00, '2026-04-02 15:41:54', 1),
(3, 11, 0, 14.00, 8500000.00, 7933333.00, 3368950.00, 11302283.00, '2026-04-02 15:42:17', 1),
(4, 13, 0, 14.50, 8500000.00, 8216667.00, 2830350.00, 11047017.00, '2026-04-02 15:48:04', 1),
(5, 10, 0, 15.00, 10000000.00, 10000000.00, 3368950.00, 13368950.00, '2026-04-02 15:48:05', 1),
(6, 9, 0, 15.00, 10000000.00, 10000000.00, 3368950.00, 13368950.00, '2026-04-02 15:48:06', 1),
(7, 8, 0, 15.00, 10000000.00, 10000000.00, 3368950.00, 13368950.00, '2026-04-02 15:48:08', 1),
(8, 13, 0, 25.50, 8500000.00, 8336538.00, 3816750.00, 12153288.00, '2026-04-02 15:57:14', 1),
(16, 8, 0, 26.00, 10000000.00, 10000000.00, 8384150.00, 18384150.00, '2026-04-02 16:43:21', 1),
(21, 14, 0, 25.50, 10000000.00, 9807692.00, 4175400.00, 13983092.00, '2026-04-06 03:37:49', 1);

-- --------------------------------------------------------

--
-- Table structure for table `products`
--

CREATE TABLE `products` (
  `product_id` int(11) NOT NULL,
  `name` varchar(255) NOT NULL,
  `brand` varchar(100) NOT NULL,
  `price` decimal(10,2) NOT NULL,
  `image_url` varchar(255) DEFAULT NULL,
  `screen_size` varchar(50) DEFAULT NULL,
  `processor` varchar(100) DEFAULT NULL,
  `ram` varchar(50) DEFAULT NULL,
  `storage` varchar(50) DEFAULT NULL,
  `battery` varchar(50) DEFAULT NULL,
  `camera` varchar(255) DEFAULT NULL,
  `os` varchar(50) DEFAULT NULL,
  `color` varchar(50) DEFAULT NULL,
  `status` tinyint(4) DEFAULT 1,
  `extra_commission_rate` decimal(10,4) DEFAULT 0.0000
) ENGINE=InnoDB DEFAULT CHARSET=utf8mb4 COLLATE=utf8mb4_general_ci;

--
-- Dumping data for table `products`
--

INSERT INTO `products` (`product_id`, `name`, `brand`, `price`, `image_url`, `screen_size`, `processor`, `ram`, `storage`, `battery`, `camera`, `os`, `color`, `status`, `extra_commission_rate`) VALUES
(1, 'Samsung Galaxy S23 Ultra 256GB', 'Samsung', 21790000.00, 'img/products/1.jpg', '6.8 inches', 'Snapdragon 8 Gen 2', '8 GB', '256 GB', '5000mAh', '200MP + 12MP + 10MP + 10MP', 'Android', 'Phantom Black', 1, 0.0050),
(2, 'iPhone 15 Pro Max 256GB', 'Apple', 34990000.00, 'img/products/2.jpg', '6.7 inches', 'A17 Pro', '8 GB', '256 GB', '4422mAh', '48MP + 12MP + 12MP + 12MP', 'iOS', 'Natural Titanium', 1, 0.0050),
(3, 'iPhone 15 128GB', 'Apple', 21990000.00, 'img/products/3.jpg', '6 inch', 'Apple A16 Bionic', '6 GB', '128 GB', '3349mAh', '48MP + 12MP + 12MP', 'iOS', 'Blue', 1, 0.0050),
(4, 'iPhone 14 Pro Max 128GB', 'Apple', 26390000.00, 'img/products/4.jpg', '6.7 inches', 'Apple A16 Bionic', '6 GB', '128 GB', '4323mAh', '48MP + 12MP + 12MP + TOF 3D', 'iOS', 'Deep Purple', 1, 0.0050),
(5, 'Xiaomi Redmi Note 12 8GB 128GB', 'Xiaomi', 4990000.00, 'img/products/5.jpg', '6.67 inches', 'Snapdragon 685', '8 GB', '128 GB', '5000mAh', '50MP + 8MP + 2MP', 'Android', 'Onyx Gray', 1, 0.0100),
(6, 'Xiaomi Redmi Note 12 4GB 128GB', 'Xiaomi', 3990000.00, 'img/products/6.jpg', '6.67 inches', 'Snapdragon 685', '4 GB', '128 GB', '5000mAh', '50MP + 8MP + 2MP', 'Android', 'Mint Green', 1, 0.0100),
(7, 'Xiaomi 13T Pro 5G (12GB - 512GB)', 'Xiaomi', 15990000.00, 'img/products/7.jpg', '6.67 inches', 'Dimensity 9200+', '12 GB', '512 GB', '5000mAh', '50MP + 12MP + 50MP', 'Android', 'Alpine Blue', 1, 0.0100),
(8, 'Xiaomi Redmi Note 12 Pro 5G', 'Xiaomi', 8490000.00, 'img/products/8.jpg', '6.67 inches', 'Dimensity 1080', '8 GB', '256 GB', '5000mAh', '50MP + 8MP + 2MP', 'Android', 'Polar White', 1, 0.0100),
(9, 'Xiaomi 13 8GB 256GB', 'Xiaomi', 18090000.00, 'img/products/9.jpg', '6.36 inches', 'Snapdragon 8 Gen 2', '8 GB', '256 GB', '4500mAh', '50MP + 10MP + 12MP', 'Android', 'Black', 1, 0.0100),
(10, 'Xiaomi Redmi Note 12 Pro 4G 8GB 256GB', 'Xiaomi', 7590000.00, 'img/products/10.jpg', '6.67 inches', 'Snapdragon 732G', '8 GB', '256 GB', '5000mAh', '108MP + 8MP + 2MP + 2MP', 'Android', 'Blue', 1, 0.0100),
(11, 'Xiaomi Redmi 12C 4GB 64GB', 'Xiaomi', 2490000.00, 'img/products/11.jpg', '6.71 inches', 'MediaTek Helio G85', '4 GB', '64 GB', '5000mAh', '50MP + 0.08MP', 'Android', 'Graphite Gray', 1, 0.0100),
(12, 'Xiaomi Redmi Note 12S', 'Xiaomi', 6590000.00, 'img/products/12.jpg', '6.43 inches', 'MediaTek Helio G96', '8 GB', '256 GB', '5000mAh', '108MP + 8MP + 2MP', 'Android', 'Ice Blue', 1, 0.0100),
(13, 'Xiaomi 13 Lite', 'Xiaomi', 10990000.00, 'img/products/13.jpg', '6.55 inches', 'Snapdragon 7 Gen 1', '8 GB', '256 GB', '4500mAh', '50MP + 8MP + 2MP', 'Android', 'Lite Pink', 1, 0.0100),
(14, 'Xiaomi 12T 8GB 128GB', 'Xiaomi', 10990000.00, 'img/products/14.jpg', '6.67 inches', 'Dimensity 8100-Ultra', '8 GB', '128 GB', '5000mAh', '108MP + 8MP + 2MP', 'Android', 'Cosmic Black', 1, 0.0100),
(15, 'Xiaomi Redmi Note 11 Pro Plus 5G', 'Xiaomi', 10490000.00, 'img/products/15.jpg', '6.67 inches', 'Dimensity 920', '8 GB', '256 GB', '4500mAh', '108MP + 8MP + 2MP', 'Android', 'Graphite Gray', 1, 0.0100),
(16, 'Xiaomi POCO X5 5G 8GB 256GB', 'Xiaomi', 6990000.00, 'img/products/16.jpg', '6.67 inches', 'Snapdragon 695', '8 GB', '256 GB', '5000mAh', '48MP + 8MP + 2MP', 'Android', 'Black', 1, 0.0100),
(17, 'OPPO Reno10 5G 8GB 256GB', 'OPPO', 10490000.00, 'img/products/17.jpg', '6.7 inches', 'Dimensity 7050', '8 GB', '256 GB', '5000mAh', '64MP + 32MP + 8MP', 'Android', 'Ice Blue', 1, 0.0100),
(18, 'OPPO Find N2 Flip', 'OPPO', 20990000.00, 'img/products/18.jpg', '6.8 inches', 'Dimensity 9000+', '8 GB', '256 GB', '4300mAh', '50MP + 8MP', 'Android', 'Astral Black', 1, 0.0100),
(19, 'OPPO Reno8 5G (8GB 256GB)', 'OPPO', 11990000.00, 'img/products/19.jpg', '6.4 inches', 'Dimensity 1300', '8 GB', '256 GB', '4500mAh', '50MP + 8MP + 2MP', 'Android', 'Shimmer Gold', 1, 0.0100),
(20, 'OPPO Reno8 T 4G 256GB', 'OPPO', 8990000.00, 'img/products/20.jpg', '6.7 inches', 'Helio G99', '8 GB', '256 GB', '5000mAh', '100MP + 2MP', 'Android', 'Midnight Black', 1, 0.0100),
(21, 'OPPO A58 4G 6GB 128GB', 'OPPO', 4590000.00, 'img/products/21.jpg', '6.72 inches', 'Helio G85', '6 GB', '128 GB', '5000mAh', '50MP + 2MP', 'Android', 'Dazzling Green', 1, 0.0100),
(22, 'OPPO Find N3 Flip 12GB 256GB', 'OPPO', 25990000.00, 'img/products/22.jpg', '6.8 inches', 'Dimensity 9200', '12 GB', '256 GB', '4300mAh', '50MP + 48MP + 32MP', 'Android', 'Cream Gold', 1, 0.0100),
(23, 'OPPO Find N3 16GB 512GB', 'OPPO', 39990000.00, 'img/products/23.jpg', '7.8 inches', 'Snapdragon 8 Gen 2', '16 GB', '512 GB', '4800mAh', '50MP + 48MP + 32MP', 'Android', 'Black', 1, 0.0100),
(24, 'OPPO A18 4GB 128GB', 'OPPO', 2990000.00, 'img/products/24.jpg', '6.56 inches', 'Helio G85', '4 GB', '128 GB', '5000mAh', '8MP', 'Android', 'Glowing Blue', 1, 0.0100),
(25, 'OPPO A77s', 'OPPO', 5790000.00, 'img/products/25.jpg', '6.56 inches', 'Snapdragon 680', '8 GB', '128 GB', '5000mAh', '50MP + 2MP', 'Android', 'Sunset Orange', 1, 0.0100),
(26, 'OPPO Reno7 4G (8GB - 128GB)', 'OPPO', 7390000.00, 'img/products/26.jpg', '6.43 inches', 'Snapdragon 680', '8 GB', '128 GB', '4500mAh', '64MP + 2MP + 2MP', 'Android', 'Cosmic Black', 1, 0.0100),
(27, 'OPPO Reno7 5G (8GB 256GB)', 'OPPO', 11490000.00, 'img/products/27.jpg', '6.43 inches', 'Dimensity 900', '8 GB', '256 GB', '4500mAh', '64MP + 8MP + 2MP', 'Android', 'Starry Black', 1, 0.0100),
(28, 'OPPO Reno 7 Pro', 'OPPO', 13990000.00, 'img/products/28.jpg', '6.55 inches', 'Dimensity 1200-Max', '8 GB', '256 GB', '4500mAh', '50MP + 8MP + 2MP', 'Android', 'Starlight Blue', 1, 0.0100),
(29, 'Samsung Galaxy S22 Ultra (12GB - 256GB)', 'Samsung', 22990000.00, 'img/products/29.jpg', '6.8 inches', 'Snapdragon 8 Gen 1', '12 GB', '256 GB', '5000mAh', '108MP + 10MP + 10MP + 12MP', 'Android', 'Burgundy', 1, 0.0050),
(30, 'realme 10 8GB 256GB', 'Realme', 5990000.00, 'img/products/30.jpg', '6.4 inches', 'Helio G99', '8 GB', '256 GB', '5000mAh', '50MP + 2MP', 'Android', 'Rush Black', 1, 0.0100),
(31, 'realme C55 (6GB - 128GB)', 'Realme', 3990000.00, 'img/products/31.jpg', '6.72 inches', 'Helio G88', '6 GB', '128 GB', '5000mAh', '64MP + 2MP', 'Android', 'Sunshower', 1, 0.0100),
(65, 'Oppo 31A', 'Oppo', 12324455.00, 'img/products/65.jpg', '7 inch', 'hfgh', '8 GB', '512 GB', '52000 mAh', '24 MP', 'iOS 26', 'Nâu đậm xanh dương', 1, 0.0100),
(72, 'Iphone 17 pro max', 'Samsung', 25000000.00, 'img/products/72.jpg', '6.8 inch', 'Snapdragon 8 Gen 2', '8 GB', '512 GB', '5000mAh', '200MP + 12MP + 10MP + 10MP', 'iOS 26', 'Natural Titanium', 1, 0.0050),
(73, 'fsdf', 'Samsung', 123456.00, 'img/products/73.jpg', '', '', '8 GB', '256 GB', '', '', '', '', 1, 0.0050);

-- --------------------------------------------------------

--
-- Table structure for table `salary_periods`
--

CREATE TABLE `salary_periods` (
  `period_id` int(11) NOT NULL,
  `month` int(11) NOT NULL,
  `year` int(11) NOT NULL,
  `standard_workdays` int(11) DEFAULT 26,
  `note` text DEFAULT NULL,
  `status` tinyint(4) DEFAULT 1
) ENGINE=InnoDB DEFAULT CHARSET=utf8mb4 COLLATE=utf8mb4_general_ci;

--
-- Dumping data for table `salary_periods`
--

INSERT INTO `salary_periods` (`period_id`, `month`, `year`, `standard_workdays`, `note`, `status`) VALUES
(5, 2, 2026, 15, 'Tháng 2 nghỉ Tết Âm Lịch (12/02 - 22/02)', 1),
(6, 3, 2026, 26, 'Tháng làm việc bình thường', 1),
(7, 4, 2026, 25, 'Nghỉ lễ Giỗ tổ Hùng Vương và 30/04', 1),
(8, 5, 2026, 25, 'Nghỉ lễ Quốc tế Lao động 01/05', 1),
(9, 6, 2026, 26, 'Tháng làm việc bình thường', 1),
(10, 7, 2026, 26, 'Tháng làm việc bình thường', 1),
(11, 8, 2026, 26, 'Tháng làm việc bình thường', 1),
(12, 9, 2026, 25, 'Nghỉ lễ Quốc khánh 02/09', 1),
(13, 10, 2026, 26, 'Tháng làm việc bình thường', 1),
(14, 11, 2026, 26, 'Tháng làm việc bình thường', 1),
(15, 12, 2026, 26, 'Tháng làm việc bình thường', 1);

-- --------------------------------------------------------

--
-- Table structure for table `users`
--

CREATE TABLE `users` (
  `user_id` int(11) NOT NULL,
  `username` varchar(50) NOT NULL,
  `password` varchar(255) NOT NULL,
  `role` varchar(50) CHARACTER SET utf8mb4 COLLATE utf8mb4_unicode_ci DEFAULT NULL,
  `status` tinyint(4) DEFAULT 1
) ENGINE=InnoDB DEFAULT CHARSET=utf8mb4 COLLATE=utf8mb4_general_ci;

--
-- Dumping data for table `users`
--

INSERT INTO `users` (`user_id`, `username`, `password`, `role`, `status`) VALUES
(10, 'admin', '$2b$12$428nhAVNiwZE7GfbkGhib.Ajk6FSlmuzExobl9ECONgeuK88zd//q', 'Quản trị viên', 1),
(11, 'mihhwi', '$2b$12$x3wQugHNoGsABATUbN3JhOyvg6G7TshBs89xdIPoHt4fJr4nOt.YO', 'Nhân viên', 1),
(12, 'nam_hoang', '$2y$10$hvsqDaZTEZnTTATqFuiKduqY3U/qnMV8dvwpFOjHOSVUIE2W255Zi', 'Nhân viên', 1),
(13, 'thao_thanh', '$2y$10$AWtG/5PiJC9p48kYVOIIUuyB9JcbZUdauwqJGco/nDoSSzXuQFfUS', 'Nhân viên', 1),
(14, 'hieu_le', '$2y$10$dOgL82hBksRlaj388uXluODkPGZdhfILM93sSACXe1V3AjjNn3SKS', 'Nhân viên', 1),
(15, 'bao_gia', '$2b$12$/.cwNU2Pz/lCJSECAj9nqOBoVJCeKGw2WiVObMhEy.sGW2zKn2agO', 'Nhân viên', 1),
(16, 'anh_quoc', '$2y$10$3egxuJyLA6KRrPlCQkqt6.a15/RvyVEF9qiS7Lz2KlUQOQiIm0da6', 'Nhân viên', 1),
(17, 'kieu_trang', '$2b$12$Llm3jb2bhwG86tpN/MVipu7SGuRSA4z91E7sbOW98OkNAaTC8ZMu.', 'Nhân viên', 1);

--
-- Indexes for dumped tables
--

--
-- Indexes for table `attendance_daily`
--
ALTER TABLE `attendance_daily`
  ADD PRIMARY KEY (`attendanceDaily_id`),
  ADD KEY `fk_attendance_employee` (`employee_id`);

--
-- Indexes for table `customers`
--
ALTER TABLE `customers`
  ADD PRIMARY KEY (`customer_id`),
  ADD UNIQUE KEY `phone` (`phone`),
  ADD UNIQUE KEY `unique_phone` (`phone`);

--
-- Indexes for table `employees`
--
ALTER TABLE `employees`
  ADD PRIMARY KEY (`employee_id`),
  ADD KEY `fk_user_employee` (`user_id`);

--
-- Indexes for table `invoices`
--
ALTER TABLE `invoices`
  ADD PRIMARY KEY (`invoice_id`),
  ADD KEY `customer_id` (`customer_id`),
  ADD KEY `employee_id` (`employee_id`);

--
-- Indexes for table `invoice_details`
--
ALTER TABLE `invoice_details`
  ADD PRIMARY KEY (`invoiceDetail_id`),
  ADD UNIQUE KEY `unique_invoice_product` (`invoice_id`,`product_id`),
  ADD KEY `order_id` (`invoice_id`),
  ADD KEY `product_id` (`product_id`);

--
-- Indexes for table `payroll`
--
ALTER TABLE `payroll`
  ADD PRIMARY KEY (`payroll_id`),
  ADD KEY `fk_payroll_employee` (`employee_id`),
  ADD KEY `fk_payroll_period` (`period_id`);

--
-- Indexes for table `products`
--
ALTER TABLE `products`
  ADD PRIMARY KEY (`product_id`);

--
-- Indexes for table `salary_periods`
--
ALTER TABLE `salary_periods`
  ADD PRIMARY KEY (`period_id`);

--
-- Indexes for table `users`
--
ALTER TABLE `users`
  ADD PRIMARY KEY (`user_id`),
  ADD UNIQUE KEY `username` (`username`);

--
-- AUTO_INCREMENT for dumped tables
--

--
-- AUTO_INCREMENT for table `attendance_daily`
--
ALTER TABLE `attendance_daily`
  MODIFY `attendanceDaily_id` int(11) NOT NULL AUTO_INCREMENT, AUTO_INCREMENT=323;

--
-- AUTO_INCREMENT for table `customers`
--
ALTER TABLE `customers`
  MODIFY `customer_id` int(11) NOT NULL AUTO_INCREMENT, AUTO_INCREMENT=213;

--
-- AUTO_INCREMENT for table `employees`
--
ALTER TABLE `employees`
  MODIFY `employee_id` int(11) NOT NULL AUTO_INCREMENT, AUTO_INCREMENT=23;

--
-- AUTO_INCREMENT for table `invoices`
--
ALTER TABLE `invoices`
  MODIFY `invoice_id` int(11) NOT NULL AUTO_INCREMENT, AUTO_INCREMENT=389;

--
-- AUTO_INCREMENT for table `invoice_details`
--
ALTER TABLE `invoice_details`
  MODIFY `invoiceDetail_id` int(11) NOT NULL AUTO_INCREMENT, AUTO_INCREMENT=461;

--
-- AUTO_INCREMENT for table `payroll`
--
ALTER TABLE `payroll`
  MODIFY `payroll_id` int(11) NOT NULL AUTO_INCREMENT, AUTO_INCREMENT=22;

--
-- AUTO_INCREMENT for table `products`
--
ALTER TABLE `products`
  MODIFY `product_id` int(11) NOT NULL AUTO_INCREMENT, AUTO_INCREMENT=74;

--
-- AUTO_INCREMENT for table `salary_periods`
--
ALTER TABLE `salary_periods`
  MODIFY `period_id` int(11) NOT NULL AUTO_INCREMENT, AUTO_INCREMENT=16;

--
-- AUTO_INCREMENT for table `users`
--
ALTER TABLE `users`
  MODIFY `user_id` int(11) NOT NULL AUTO_INCREMENT, AUTO_INCREMENT=28;

--
-- Constraints for dumped tables
--

--
-- Constraints for table `attendance_daily`
--
ALTER TABLE `attendance_daily`
  ADD CONSTRAINT `fk_attendance_employee` FOREIGN KEY (`employee_id`) REFERENCES `employees` (`employee_id`) ON DELETE CASCADE;

--
-- Constraints for table `employees`
--
ALTER TABLE `employees`
  ADD CONSTRAINT `fk_user_employee` FOREIGN KEY (`user_id`) REFERENCES `users` (`user_id`) ON DELETE CASCADE ON UPDATE CASCADE;

--
-- Constraints for table `invoices`
--
ALTER TABLE `invoices`
  ADD CONSTRAINT `invoices_ibfk_1` FOREIGN KEY (`customer_id`) REFERENCES `customers` (`customer_id`) ON DELETE SET NULL;

--
-- Constraints for table `invoice_details`
--
ALTER TABLE `invoice_details`
  ADD CONSTRAINT `invoice_details_ibfk_1` FOREIGN KEY (`invoice_id`) REFERENCES `invoices` (`invoice_id`) ON DELETE CASCADE,
  ADD CONSTRAINT `invoice_details_ibfk_2` FOREIGN KEY (`product_id`) REFERENCES `products` (`product_id`) ON DELETE CASCADE;

--
-- Constraints for table `payroll`
--
ALTER TABLE `payroll`
  ADD CONSTRAINT `fk_payroll_employee` FOREIGN KEY (`employee_id`) REFERENCES `employees` (`employee_id`) ON DELETE CASCADE,
  ADD CONSTRAINT `fk_payroll_period` FOREIGN KEY (`period_id`) REFERENCES `salary_periods` (`period_id`) ON UPDATE CASCADE,
  ADD CONSTRAINT `payroll_ibfk_1` FOREIGN KEY (`period_id`) REFERENCES `salary_periods` (`period_id`);
COMMIT;

/*!40101 SET CHARACTER_SET_CLIENT=@OLD_CHARACTER_SET_CLIENT */;
/*!40101 SET CHARACTER_SET_RESULTS=@OLD_CHARACTER_SET_RESULTS */;
/*!40101 SET COLLATION_CONNECTION=@OLD_COLLATION_CONNECTION */;
